                                                      Data Summary

                                                  The MEANS Procedure

 Variable       Label                          N           Mean
 --------------------------------------------------------------
 currentsmoker  Current Smoker                96      0.3750000
 URRU           Urban-Rural Status            96      0.4687500
 year_centered  Year (Centered at 2020)       96      1.0729167
 --------------------------------------------------------------

                                 MODEL 1: GEE Logistic Regression with State Clustering
                           DV: Current Smoker | IVs: urru, year_centered | Clustering: State

                The GENMOD Procedure                
                 Model Information                  

Item                                           Value
----------------------  ----------------------------
Response Variable       currentsmoker Current Smoker
Distribution                                binomial
Link Function                                  logit
Number of Observations                            96

    Analysis of Maximum Likelihood Parameter Estimates    

Parameter      Estimate  Std Error  Chi-Square  Pr > ChiSq
-------------  --------  ---------  ----------  ----------
Intercept       -0.9253     0.0723    163.9420      <.0001
URRU_1           0.5487     0.0033  28251.7282      <.0001
year_centered    0.1313     0.0752      3.0484      0.0808

Criteria for Assessing Goodness of Fit

Criterion          Value
--------------  --------
Deviance        123.5523
Log Likelihood  -61.7762
AIC             129.5523
BIC             137.2454

       LR Statistics For Type 3 Analysis       

Source               DF  Chi-Square  Pr > ChiSq
-------------  --------  ----------  ----------
URRU                  1  28251.7282      <.0001
year_centered         1      3.0484      0.0808

           Estimated Covariance Matrix            

Parameter      Intercept     URRU_1  YEAR_CENTERED
-------------  ---------  ---------  -------------
Intercept       0.005222  -0.000236       0.005434
URRU_1         -0.000236   0.000011      -0.000245
YEAR_CENTERED   0.005434  -0.000245       0.005654

    GEE Model Information    

Item                    Value
-------------------  --------
Subject Effect         _STATE
Working Correlation      exch

                                                                                                                                                                                                                                       Working Correlation Matrix                                                                                                                                                                                                                                       

Row           Col1      Col2      Col3      Col4      Col5      Col6      Col7      Col8      Col9     Col10     Col11     Col12     Col13     Col14     Col15     Col16     Col17     Col18     Col19     Col20     Col21     Col22     Col23     Col24     Col25     Col26     Col27     Col28     Col29     Col30     Col31     Col32     Col33     Col34     Col35     Col36     Col37     Col38     Col39     Col40     Col41     Col42     Col43     Col44     Col45     Col46     Col47     Col48
--------  --------  --------  --------  --------  --------  --------  --------  --------  --------  --------  --------  --------  --------  --------  --------  --------  --------  --------  --------  --------  --------  --------  --------  --------  --------  --------  --------  --------  --------  --------  --------  --------  --------  --------  --------  --------  --------  --------  --------  --------  --------  --------  --------  --------  --------  --------  --------  --------
Row1        1.0000   -0.0096   -0.0096   -0.0096   -0.0096   -0.0096   -0.0096   -0.0096   -0.0096   -0.0096   -0.0096   -0.0096   -0.0096   -0.0096   -0.0096   -0.0096   -0.0096   -0.0096   -0.0096   -0.0096   -0.0096   -0.0096   -0.0096   -0.0096   -0.0096   -0.0096   -0.0096   -0.0096   -0.0096   -0.0096   -0.0096   -0.0096   -0.0096   -0.0096   -0.0096   -0.0096   -0.0096   -0.0096   -0.0096   -0.0096   -0.0096   -0.0096   -0.0096   -0.0096   -0.0096   -0.0096   -0.0096   -0.0096
Row2       -0.0096    1.0000   -0.0096   -0.0096   -0.0096   -0.0096   -0.0096   -0.0096   -0.0096   -0.0096   -0.0096   -0.0096   -0.0096   -0.0096   -0.0096   -0.0096   -0.0096   -0.0096   -0.0096   -0.0096   -0.0096   -0.0096   -0.0096   -0.0096   -0.0096   -0.0096   -0.0096   -0.0096   -0.0096   -0.0096   -0.0096   -0.0096   -0.0096   -0.0096   -0.0096   -0.0096   -0.0096   -0.0096   -0.0096   -0.0096   -0.0096   -0.0096   -0.0096   -0.0096   -0.0096   -0.0096   -0.0096   -0.0096
Row3       -0.0096   -0.0096    1.0000   -0.0096   -0.0096   -0.0096   -0.0096   -0.0096   -0.0096   -0.0096   -0.0096   -0.0096   -0.0096   -0.0096   -0.0096   -0.0096   -0.0096   -0.0096   -0.0096   -0.0096   -0.0096   -0.0096   -0.0096   -0.0096   -0.0096   -0.0096   -0.0096   -0.0096   -0.0096   -0.0096   -0.0096   -0.0096   -0.0096   -0.0096   -0.0096   -0.0096   -0.0096   -0.0096   -0.0096   -0.0096   -0.0096   -0.0096   -0.0096   -0.0096   -0.0096   -0.0096   -0.0096   -0.0096
Row4       -0.0096   -0.0096   -0.0096    1.0000   -0.0096   -0.0096   -0.0096   -0.0096   -0.0096   -0.0096   -0.0096   -0.0096   -0.0096   -0.0096   -0.0096   -0.0096   -0.0096   -0.0096   -0.0096   -0.0096   -0.0096   -0.0096   -0.0096   -0.0096   -0.0096   -0.0096   -0.0096   -0.0096   -0.0096   -0.0096   -0.0096   -0.0096   -0.0096   -0.0096   -0.0096   -0.0096   -0.0096   -0.0096   -0.0096   -0.0096   -0.0096   -0.0096   -0.0096   -0.0096   -0.0096   -0.0096   -0.0096   -0.0096
Row5       -0.0096   -0.0096   -0.0096   -0.0096    1.0000   -0.0096   -0.0096   -0.0096   -0.0096   -0.0096   -0.0096   -0.0096   -0.0096   -0.0096   -0.0096   -0.0096   -0.0096   -0.0096   -0.0096   -0.0096   -0.0096   -0.0096   -0.0096   -0.0096   -0.0096   -0.0096   -0.0096   -0.0096   -0.0096   -0.0096   -0.0096   -0.0096   -0.0096   -0.0096   -0.0096   -0.0096   -0.0096   -0.0096   -0.0096   -0.0096   -0.0096   -0.0096   -0.0096   -0.0096   -0.0096   -0.0096   -0.0096   -0.0096
Row6       -0.0096   -0.0096   -0.0096   -0.0096   -0.0096    1.0000   -0.0096   -0.0096   -0.0096   -0.0096   -0.0096   -0.0096   -0.0096   -0.0096   -0.0096   -0.0096   -0.0096   -0.0096   -0.0096   -0.0096   -0.0096   -0.0096   -0.0096   -0.0096   -0.0096   -0.0096   -0.0096   -0.0096   -0.0096   -0.0096   -0.0096   -0.0096   -0.0096   -0.0096   -0.0096   -0.0096   -0.0096   -0.0096   -0.0096   -0.0096   -0.0096   -0.0096   -0.0096   -0.0096   -0.0096   -0.0096   -0.0096   -0.0096
Row7       -0.0096   -0.0096   -0.0096   -0.0096   -0.0096   -0.0096    1.0000   -0.0096   -0.0096   -0.0096   -0.0096   -0.0096   -0.0096   -0.0096   -0.0096   -0.0096   -0.0096   -0.0096   -0.0096   -0.0096   -0.0096   -0.0096   -0.0096   -0.0096   -0.0096   -0.0096   -0.0096   -0.0096   -0.0096   -0.0096   -0.0096   -0.0096   -0.0096   -0.0096   -0.0096   -0.0096   -0.0096   -0.0096   -0.0096   -0.0096   -0.0096   -0.0096   -0.0096   -0.0096   -0.0096   -0.0096   -0.0096   -0.0096
Row8       -0.0096   -0.0096   -0.0096   -0.0096   -0.0096   -0.0096   -0.0096    1.0000   -0.0096   -0.0096   -0.0096   -0.0096   -0.0096   -0.0096   -0.0096   -0.0096   -0.0096   -0.0096   -0.0096   -0.0096   -0.0096   -0.0096   -0.0096   -0.0096   -0.0096   -0.0096   -0.0096   -0.0096   -0.0096   -0.0096   -0.0096   -0.0096   -0.0096   -0.0096   -0.0096   -0.0096   -0.0096   -0.0096   -0.0096   -0.0096   -0.0096   -0.0096   -0.0096   -0.0096   -0.0096   -0.0096   -0.0096   -0.0096
Row9       -0.0096   -0.0096   -0.0096   -0.0096   -0.0096   -0.0096   -0.0096   -0.0096    1.0000   -0.0096   -0.0096   -0.0096   -0.0096   -0.0096   -0.0096   -0.0096   -0.0096   -0.0096   -0.0096   -0.0096   -0.0096   -0.0096   -0.0096   -0.0096   -0.0096   -0.0096   -0.0096   -0.0096   -0.0096   -0.0096   -0.0096   -0.0096   -0.0096   -0.0096   -0.0096   -0.0096   -0.0096   -0.0096   -0.0096   -0.0096   -0.0096   -0.0096   -0.0096   -0.0096   -0.0096   -0.0096   -0.0096   -0.0096
Row10      -0.0096   -0.0096   -0.0096   -0.0096   -0.0096   -0.0096   -0.0096   -0.0096   -0.0096    1.0000   -0.0096   -0.0096   -0.0096   -0.0096   -0.0096   -0.0096   -0.0096   -0.0096   -0.0096   -0.0096   -0.0096   -0.0096   -0.0096   -0.0096   -0.0096   -0.0096   -0.0096   -0.0096   -0.0096   -0.0096   -0.0096   -0.0096   -0.0096   -0.0096   -0.0096   -0.0096   -0.0096   -0.0096   -0.0096   -0.0096   -0.0096   -0.0096   -0.0096   -0.0096   -0.0096   -0.0096   -0.0096   -0.0096
Row11      -0.0096   -0.0096   -0.0096   -0.0096   -0.0096   -0.0096   -0.0096   -0.0096   -0.0096   -0.0096    1.0000   -0.0096   -0.0096   -0.0096   -0.0096   -0.0096   -0.0096   -0.0096   -0.0096   -0.0096   -0.0096   -0.0096   -0.0096   -0.0096   -0.0096   -0.0096   -0.0096   -0.0096   -0.0096   -0.0096   -0.0096   -0.0096   -0.0096   -0.0096   -0.0096   -0.0096   -0.0096   -0.0096   -0.0096   -0.0096   -0.0096   -0.0096   -0.0096   -0.0096   -0.0096   -0.0096   -0.0096   -0.0096
Row12      -0.0096   -0.0096   -0.0096   -0.0096   -0.0096   -0.0096   -0.0096   -0.0096   -0.0096   -0.0096   -0.0096    1.0000   -0.0096   -0.0096   -0.0096   -0.0096   -0.0096   -0.0096   -0.0096   -0.0096   -0.0096   -0.0096   -0.0096   -0.0096   -0.0096   -0.0096   -0.0096   -0.0096   -0.0096   -0.0096   -0.0096   -0.0096   -0.0096   -0.0096   -0.0096   -0.0096   -0.0096   -0.0096   -0.0096   -0.0096   -0.0096   -0.0096   -0.0096   -0.0096   -0.0096   -0.0096   -0.0096   -0.0096
Row13      -0.0096   -0.0096   -0.0096   -0.0096   -0.0096   -0.0096   -0.0096   -0.0096   -0.0096   -0.0096   -0.0096   -0.0096    1.0000   -0.0096   -0.0096   -0.0096   -0.0096   -0.0096   -0.0096   -0.0096   -0.0096   -0.0096   -0.0096   -0.0096   -0.0096   -0.0096   -0.0096   -0.0096   -0.0096   -0.0096   -0.0096   -0.0096   -0.0096   -0.0096   -0.0096   -0.0096   -0.0096   -0.0096   -0.0096   -0.0096   -0.0096   -0.0096   -0.0096   -0.0096   -0.0096   -0.0096   -0.0096   -0.0096
Row14      -0.0096   -0.0096   -0.0096   -0.0096   -0.0096   -0.0096   -0.0096   -0.0096   -0.0096   -0.0096   -0.0096   -0.0096   -0.0096    1.0000   -0.0096   -0.0096   -0.0096   -0.0096   -0.0096   -0.0096   -0.0096   -0.0096   -0.0096   -0.0096   -0.0096   -0.0096   -0.0096   -0.0096   -0.0096   -0.0096   -0.0096   -0.0096   -0.0096   -0.0096   -0.0096   -0.0096   -0.0096   -0.0096   -0.0096   -0.0096   -0.0096   -0.0096   -0.0096   -0.0096   -0.0096   -0.0096   -0.0096   -0.0096
Row15      -0.0096   -0.0096   -0.0096   -0.0096   -0.0096   -0.0096   -0.0096   -0.0096   -0.0096   -0.0096   -0.0096   -0.0096   -0.0096   -0.0096    1.0000   -0.0096   -0.0096   -0.0096   -0.0096   -0.0096   -0.0096   -0.0096   -0.0096   -0.0096   -0.0096   -0.0096   -0.0096   -0.0096   -0.0096   -0.0096   -0.0096   -0.0096   -0.0096   -0.0096   -0.0096   -0.0096   -0.0096   -0.0096   -0.0096   -0.0096   -0.0096   -0.0096   -0.0096   -0.0096   -0.0096   -0.0096   -0.0096   -0.0096
Row16      -0.0096   -0.0096   -0.0096   -0.0096   -0.0096   -0.0096   -0.0096   -0.0096   -0.0096   -0.0096   -0.0096   -0.0096   -0.0096   -0.0096   -0.0096    1.0000   -0.0096   -0.0096   -0.0096   -0.0096   -0.0096   -0.0096   -0.0096   -0.0096   -0.0096   -0.0096   -0.0096   -0.0096   -0.0096   -0.0096   -0.0096   -0.0096   -0.0096   -0.0096   -0.0096   -0.0096   -0.0096   -0.0096   -0.0096   -0.0096   -0.0096   -0.0096   -0.0096   -0.0096   -0.0096   -0.0096   -0.0096   -0.0096
Row17      -0.0096   -0.0096   -0.0096   -0.0096   -0.0096   -0.0096   -0.0096   -0.0096   -0.0096   -0.0096   -0.0096   -0.0096   -0.0096   -0.0096   -0.0096   -0.0096    1.0000   -0.0096   -0.0096   -0.0096   -0.0096   -0.0096   -0.0096   -0.0096   -0.0096   -0.0096   -0.0096   -0.0096   -0.0096   -0.0096   -0.0096   -0.0096   -0.0096   -0.0096   -0.0096   -0.0096   -0.0096   -0.0096   -0.0096   -0.0096   -0.0096   -0.0096   -0.0096   -0.0096   -0.0096   -0.0096   -0.0096   -0.0096
Row18      -0.0096   -0.0096   -0.0096   -0.0096   -0.0096   -0.0096   -0.0096   -0.0096   -0.0096   -0.0096   -0.0096   -0.0096   -0.0096   -0.0096   -0.0096   -0.0096   -0.0096    1.0000   -0.0096   -0.0096   -0.0096   -0.0096   -0.0096   -0.0096   -0.0096   -0.0096   -0.0096   -0.0096   -0.0096   -0.0096   -0.0096   -0.0096   -0.0096   -0.0096   -0.0096   -0.0096   -0.0096   -0.0096   -0.0096   -0.0096   -0.0096   -0.0096   -0.0096   -0.0096   -0.0096   -0.0096   -0.0096   -0.0096
Row19      -0.0096   -0.0096   -0.0096   -0.0096   -0.0096   -0.0096   -0.0096   -0.0096   -0.0096   -0.0096   -0.0096   -0.0096   -0.0096   -0.0096   -0.0096   -0.0096   -0.0096   -0.0096    1.0000   -0.0096   -0.0096   -0.0096   -0.0096   -0.0096   -0.0096   -0.0096   -0.0096   -0.0096   -0.0096   -0.0096   -0.0096   -0.0096   -0.0096   -0.0096   -0.0096   -0.0096   -0.0096   -0.0096   -0.0096   -0.0096   -0.0096   -0.0096   -0.0096   -0.0096   -0.0096   -0.0096   -0.0096   -0.0096
Row20      -0.0096   -0.0096   -0.0096   -0.0096   -0.0096   -0.0096   -0.0096   -0.0096   -0.0096   -0.0096   -0.0096   -0.0096   -0.0096   -0.0096   -0.0096   -0.0096   -0.0096   -0.0096   -0.0096    1.0000   -0.0096   -0.0096   -0.0096   -0.0096   -0.0096   -0.0096   -0.0096   -0.0096   -0.0096   -0.0096   -0.0096   -0.0096   -0.0096   -0.0096   -0.0096   -0.0096   -0.0096   -0.0096   -0.0096   -0.0096   -0.0096   -0.0096   -0.0096   -0.0096   -0.0096   -0.0096   -0.0096   -0.0096
Row21      -0.0096   -0.0096   -0.0096   -0.0096   -0.0096   -0.0096   -0.0096   -0.0096   -0.0096   -0.0096   -0.0096   -0.0096   -0.0096   -0.0096   -0.0096   -0.0096   -0.0096   -0.0096   -0.0096   -0.0096    1.0000   -0.0096   -0.0096   -0.0096   -0.0096   -0.0096   -0.0096   -0.0096   -0.0096   -0.0096   -0.0096   -0.0096   -0.0096   -0.0096   -0.0096   -0.0096   -0.0096   -0.0096   -0.0096   -0.0096   -0.0096   -0.0096   -0.0096   -0.0096   -0.0096   -0.0096   -0.0096   -0.0096
Row22      -0.0096   -0.0096   -0.0096   -0.0096   -0.0096   -0.0096   -0.0096   -0.0096   -0.0096   -0.0096   -0.0096   -0.0096   -0.0096   -0.0096   -0.0096   -0.0096   -0.0096   -0.0096   -0.0096   -0.0096   -0.0096    1.0000   -0.0096   -0.0096   -0.0096   -0.0096   -0.0096   -0.0096   -0.0096   -0.0096   -0.0096   -0.0096   -0.0096   -0.0096   -0.0096   -0.0096   -0.0096   -0.0096   -0.0096   -0.0096   -0.0096   -0.0096   -0.0096   -0.0096   -0.0096   -0.0096   -0.0096   -0.0096
Row23      -0.0096   -0.0096   -0.0096   -0.0096   -0.0096   -0.0096   -0.0096   -0.0096   -0.0096   -0.0096   -0.0096   -0.0096   -0.0096   -0.0096   -0.0096   -0.0096   -0.0096   -0.0096   -0.0096   -0.0096   -0.0096   -0.0096    1.0000   -0.0096   -0.0096   -0.0096   -0.0096   -0.0096   -0.0096   -0.0096   -0.0096   -0.0096   -0.0096   -0.0096   -0.0096   -0.0096   -0.0096   -0.0096   -0.0096   -0.0096   -0.0096   -0.0096   -0.0096   -0.0096   -0.0096   -0.0096   -0.0096   -0.0096
Row24      -0.0096   -0.0096   -0.0096   -0.0096   -0.0096   -0.0096   -0.0096   -0.0096   -0.0096   -0.0096   -0.0096   -0.0096   -0.0096   -0.0096   -0.0096   -0.0096   -0.0096   -0.0096   -0.0096   -0.0096   -0.0096   -0.0096   -0.0096    1.0000   -0.0096   -0.0096   -0.0096   -0.0096   -0.0096   -0.0096   -0.0096   -0.0096   -0.0096   -0.0096   -0.0096   -0.0096   -0.0096   -0.0096   -0.0096   -0.0096   -0.0096   -0.0096   -0.0096   -0.0096   -0.0096   -0.0096   -0.0096   -0.0096
Row25      -0.0096   -0.0096   -0.0096   -0.0096   -0.0096   -0.0096   -0.0096   -0.0096   -0.0096   -0.0096   -0.0096   -0.0096   -0.0096   -0.0096   -0.0096   -0.0096   -0.0096   -0.0096   -0.0096   -0.0096   -0.0096   -0.0096   -0.0096   -0.0096    1.0000   -0.0096   -0.0096   -0.0096   -0.0096   -0.0096   -0.0096   -0.0096   -0.0096   -0.0096   -0.0096   -0.0096   -0.0096   -0.0096   -0.0096   -0.0096   -0.0096   -0.0096   -0.0096   -0.0096   -0.0096   -0.0096   -0.0096   -0.0096
Row26      -0.0096   -0.0096   -0.0096   -0.0096   -0.0096   -0.0096   -0.0096   -0.0096   -0.0096   -0.0096   -0.0096   -0.0096   -0.0096   -0.0096   -0.0096   -0.0096   -0.0096   -0.0096   -0.0096   -0.0096   -0.0096   -0.0096   -0.0096   -0.0096   -0.0096    1.0000   -0.0096   -0.0096   -0.0096   -0.0096   -0.0096   -0.0096   -0.0096   -0.0096   -0.0096   -0.0096   -0.0096   -0.0096   -0.0096   -0.0096   -0.0096   -0.0096   -0.0096   -0.0096   -0.0096   -0.0096   -0.0096   -0.0096
Row27      -0.0096   -0.0096   -0.0096   -0.0096   -0.0096   -0.0096   -0.0096   -0.0096   -0.0096   -0.0096   -0.0096   -0.0096   -0.0096   -0.0096   -0.0096   -0.0096   -0.0096   -0.0096   -0.0096   -0.0096   -0.0096   -0.0096   -0.0096   -0.0096   -0.0096   -0.0096    1.0000   -0.0096   -0.0096   -0.0096   -0.0096   -0.0096   -0.0096   -0.0096   -0.0096   -0.0096   -0.0096   -0.0096   -0.0096   -0.0096   -0.0096   -0.0096   -0.0096   -0.0096   -0.0096   -0.0096   -0.0096   -0.0096
Row28      -0.0096   -0.0096   -0.0096   -0.0096   -0.0096   -0.0096   -0.0096   -0.0096   -0.0096   -0.0096   -0.0096   -0.0096   -0.0096   -0.0096   -0.0096   -0.0096   -0.0096   -0.0096   -0.0096   -0.0096   -0.0096   -0.0096   -0.0096   -0.0096   -0.0096   -0.0096   -0.0096    1.0000   -0.0096   -0.0096   -0.0096   -0.0096   -0.0096   -0.0096   -0.0096   -0.0096   -0.0096   -0.0096   -0.0096   -0.0096   -0.0096   -0.0096   -0.0096   -0.0096   -0.0096   -0.0096   -0.0096   -0.0096
Row29      -0.0096   -0.0096   -0.0096   -0.0096   -0.0096   -0.0096   -0.0096   -0.0096   -0.0096   -0.0096   -0.0096   -0.0096   -0.0096   -0.0096   -0.0096   -0.0096   -0.0096   -0.0096   -0.0096   -0.0096   -0.0096   -0.0096   -0.0096   -0.0096   -0.0096   -0.0096   -0.0096   -0.0096    1.0000   -0.0096   -0.0096   -0.0096   -0.0096   -0.0096   -0.0096   -0.0096   -0.0096   -0.0096   -0.0096   -0.0096   -0.0096   -0.0096   -0.0096   -0.0096   -0.0096   -0.0096   -0.0096   -0.0096
Row30      -0.0096   -0.0096   -0.0096   -0.0096   -0.0096   -0.0096   -0.0096   -0.0096   -0.0096   -0.0096   -0.0096   -0.0096   -0.0096   -0.0096   -0.0096   -0.0096   -0.0096   -0.0096   -0.0096   -0.0096   -0.0096   -0.0096   -0.0096   -0.0096   -0.0096   -0.0096   -0.0096   -0.0096   -0.0096    1.0000   -0.0096   -0.0096   -0.0096   -0.0096   -0.0096   -0.0096   -0.0096   -0.0096   -0.0096   -0.0096   -0.0096   -0.0096   -0.0096   -0.0096   -0.0096   -0.0096   -0.0096   -0.0096
Row31      -0.0096   -0.0096   -0.0096   -0.0096   -0.0096   -0.0096   -0.0096   -0.0096   -0.0096   -0.0096   -0.0096   -0.0096   -0.0096   -0.0096   -0.0096   -0.0096   -0.0096   -0.0096   -0.0096   -0.0096   -0.0096   -0.0096   -0.0096   -0.0096   -0.0096   -0.0096   -0.0096   -0.0096   -0.0096   -0.0096    1.0000   -0.0096   -0.0096   -0.0096   -0.0096   -0.0096   -0.0096   -0.0096   -0.0096   -0.0096   -0.0096   -0.0096   -0.0096   -0.0096   -0.0096   -0.0096   -0.0096   -0.0096
Row32      -0.0096   -0.0096   -0.0096   -0.0096   -0.0096   -0.0096   -0.0096   -0.0096   -0.0096   -0.0096   -0.0096   -0.0096   -0.0096   -0.0096   -0.0096   -0.0096   -0.0096   -0.0096   -0.0096   -0.0096   -0.0096   -0.0096   -0.0096   -0.0096   -0.0096   -0.0096   -0.0096   -0.0096   -0.0096   -0.0096   -0.0096    1.0000   -0.0096   -0.0096   -0.0096   -0.0096   -0.0096   -0.0096   -0.0096   -0.0096   -0.0096   -0.0096   -0.0096   -0.0096   -0.0096   -0.0096   -0.0096   -0.0096
Row33      -0.0096   -0.0096   -0.0096   -0.0096   -0.0096   -0.0096   -0.0096   -0.0096   -0.0096   -0.0096   -0.0096   -0.0096   -0.0096   -0.0096   -0.0096   -0.0096   -0.0096   -0.0096   -0.0096   -0.0096   -0.0096   -0.0096   -0.0096   -0.0096   -0.0096   -0.0096   -0.0096   -0.0096   -0.0096   -0.0096   -0.0096   -0.0096    1.0000   -0.0096   -0.0096   -0.0096   -0.0096   -0.0096   -0.0096   -0.0096   -0.0096   -0.0096   -0.0096   -0.0096   -0.0096   -0.0096   -0.0096   -0.0096
Row34      -0.0096   -0.0096   -0.0096   -0.0096   -0.0096   -0.0096   -0.0096   -0.0096   -0.0096   -0.0096   -0.0096   -0.0096   -0.0096   -0.0096   -0.0096   -0.0096   -0.0096   -0.0096   -0.0096   -0.0096   -0.0096   -0.0096   -0.0096   -0.0096   -0.0096   -0.0096   -0.0096   -0.0096   -0.0096   -0.0096   -0.0096   -0.0096   -0.0096    1.0000   -0.0096   -0.0096   -0.0096   -0.0096   -0.0096   -0.0096   -0.0096   -0.0096   -0.0096   -0.0096   -0.0096   -0.0096   -0.0096   -0.0096
Row35      -0.0096   -0.0096   -0.0096   -0.0096   -0.0096   -0.0096   -0.0096   -0.0096   -0.0096   -0.0096   -0.0096   -0.0096   -0.0096   -0.0096   -0.0096   -0.0096   -0.0096   -0.0096   -0.0096   -0.0096   -0.0096   -0.0096   -0.0096   -0.0096   -0.0096   -0.0096   -0.0096   -0.0096   -0.0096   -0.0096   -0.0096   -0.0096   -0.0096   -0.0096    1.0000   -0.0096   -0.0096   -0.0096   -0.0096   -0.0096   -0.0096   -0.0096   -0.0096   -0.0096   -0.0096   -0.0096   -0.0096   -0.0096
Row36      -0.0096   -0.0096   -0.0096   -0.0096   -0.0096   -0.0096   -0.0096   -0.0096   -0.0096   -0.0096   -0.0096   -0.0096   -0.0096   -0.0096   -0.0096   -0.0096   -0.0096   -0.0096   -0.0096   -0.0096   -0.0096   -0.0096   -0.0096   -0.0096   -0.0096   -0.0096   -0.0096   -0.0096   -0.0096   -0.0096   -0.0096   -0.0096   -0.0096   -0.0096   -0.0096    1.0000   -0.0096   -0.0096   -0.0096   -0.0096   -0.0096   -0.0096   -0.0096   -0.0096   -0.0096   -0.0096   -0.0096   -0.0096
Row37      -0.0096   -0.0096   -0.0096   -0.0096   -0.0096   -0.0096   -0.0096   -0.0096   -0.0096   -0.0096   -0.0096   -0.0096   -0.0096   -0.0096   -0.0096   -0.0096   -0.0096   -0.0096   -0.0096   -0.0096   -0.0096   -0.0096   -0.0096   -0.0096   -0.0096   -0.0096   -0.0096   -0.0096   -0.0096   -0.0096   -0.0096   -0.0096   -0.0096   -0.0096   -0.0096   -0.0096    1.0000   -0.0096   -0.0096   -0.0096   -0.0096   -0.0096   -0.0096   -0.0096   -0.0096   -0.0096   -0.0096   -0.0096
Row38      -0.0096   -0.0096   -0.0096   -0.0096   -0.0096   -0.0096   -0.0096   -0.0096   -0.0096   -0.0096   -0.0096   -0.0096   -0.0096   -0.0096   -0.0096   -0.0096   -0.0096   -0.0096   -0.0096   -0.0096   -0.0096   -0.0096   -0.0096   -0.0096   -0.0096   -0.0096   -0.0096   -0.0096   -0.0096   -0.0096   -0.0096   -0.0096   -0.0096   -0.0096   -0.0096   -0.0096   -0.0096    1.0000   -0.0096   -0.0096   -0.0096   -0.0096   -0.0096   -0.0096   -0.0096   -0.0096   -0.0096   -0.0096
Row39      -0.0096   -0.0096   -0.0096   -0.0096   -0.0096   -0.0096   -0.0096   -0.0096   -0.0096   -0.0096   -0.0096   -0.0096   -0.0096   -0.0096   -0.0096   -0.0096   -0.0096   -0.0096   -0.0096   -0.0096   -0.0096   -0.0096   -0.0096   -0.0096   -0.0096   -0.0096   -0.0096   -0.0096   -0.0096   -0.0096   -0.0096   -0.0096   -0.0096   -0.0096   -0.0096   -0.0096   -0.0096   -0.0096    1.0000   -0.0096   -0.0096   -0.0096   -0.0096   -0.0096   -0.0096   -0.0096   -0.0096   -0.0096
Row40      -0.0096   -0.0096   -0.0096   -0.0096   -0.0096   -0.0096   -0.0096   -0.0096   -0.0096   -0.0096   -0.0096   -0.0096   -0.0096   -0.0096   -0.0096   -0.0096   -0.0096   -0.0096   -0.0096   -0.0096   -0.0096   -0.0096   -0.0096   -0.0096   -0.0096   -0.0096   -0.0096   -0.0096   -0.0096   -0.0096   -0.0096   -0.0096   -0.0096   -0.0096   -0.0096   -0.0096   -0.0096   -0.0096   -0.0096    1.0000   -0.0096   -0.0096   -0.0096   -0.0096   -0.0096   -0.0096   -0.0096   -0.0096
Row41      -0.0096   -0.0096   -0.0096   -0.0096   -0.0096   -0.0096   -0.0096   -0.0096   -0.0096   -0.0096   -0.0096   -0.0096   -0.0096   -0.0096   -0.0096   -0.0096   -0.0096   -0.0096   -0.0096   -0.0096   -0.0096   -0.0096   -0.0096   -0.0096   -0.0096   -0.0096   -0.0096   -0.0096   -0.0096   -0.0096   -0.0096   -0.0096   -0.0096   -0.0096   -0.0096   -0.0096   -0.0096   -0.0096   -0.0096   -0.0096    1.0000   -0.0096   -0.0096   -0.0096   -0.0096   -0.0096   -0.0096   -0.0096
Row42      -0.0096   -0.0096   -0.0096   -0.0096   -0.0096   -0.0096   -0.0096   -0.0096   -0.0096   -0.0096   -0.0096   -0.0096   -0.0096   -0.0096   -0.0096   -0.0096   -0.0096   -0.0096   -0.0096   -0.0096   -0.0096   -0.0096   -0.0096   -0.0096   -0.0096   -0.0096   -0.0096   -0.0096   -0.0096   -0.0096   -0.0096   -0.0096   -0.0096   -0.0096   -0.0096   -0.0096   -0.0096   -0.0096   -0.0096   -0.0096   -0.0096    1.0000   -0.0096   -0.0096   -0.0096   -0.0096   -0.0096   -0.0096
Row43      -0.0096   -0.0096   -0.0096   -0.0096   -0.0096   -0.0096   -0.0096   -0.0096   -0.0096   -0.0096   -0.0096   -0.0096   -0.0096   -0.0096   -0.0096   -0.0096   -0.0096   -0.0096   -0.0096   -0.0096   -0.0096   -0.0096   -0.0096   -0.0096   -0.0096   -0.0096   -0.0096   -0.0096   -0.0096   -0.0096   -0.0096   -0.0096   -0.0096   -0.0096   -0.0096   -0.0096   -0.0096   -0.0096   -0.0096   -0.0096   -0.0096   -0.0096    1.0000   -0.0096   -0.0096   -0.0096   -0.0096   -0.0096
Row44      -0.0096   -0.0096   -0.0096   -0.0096   -0.0096   -0.0096   -0.0096   -0.0096   -0.0096   -0.0096   -0.0096   -0.0096   -0.0096   -0.0096   -0.0096   -0.0096   -0.0096   -0.0096   -0.0096   -0.0096   -0.0096   -0.0096   -0.0096   -0.0096   -0.0096   -0.0096   -0.0096   -0.0096   -0.0096   -0.0096   -0.0096   -0.0096   -0.0096   -0.0096   -0.0096   -0.0096   -0.0096   -0.0096   -0.0096   -0.0096   -0.0096   -0.0096   -0.0096    1.0000   -0.0096   -0.0096   -0.0096   -0.0096
Row45      -0.0096   -0.0096   -0.0096   -0.0096   -0.0096   -0.0096   -0.0096   -0.0096   -0.0096   -0.0096   -0.0096   -0.0096   -0.0096   -0.0096   -0.0096   -0.0096   -0.0096   -0.0096   -0.0096   -0.0096   -0.0096   -0.0096   -0.0096   -0.0096   -0.0096   -0.0096   -0.0096   -0.0096   -0.0096   -0.0096   -0.0096   -0.0096   -0.0096   -0.0096   -0.0096   -0.0096   -0.0096   -0.0096   -0.0096   -0.0096   -0.0096   -0.0096   -0.0096   -0.0096    1.0000   -0.0096   -0.0096   -0.0096
Row46      -0.0096   -0.0096   -0.0096   -0.0096   -0.0096   -0.0096   -0.0096   -0.0096   -0.0096   -0.0096   -0.0096   -0.0096   -0.0096   -0.0096   -0.0096   -0.0096   -0.0096   -0.0096   -0.0096   -0.0096   -0.0096   -0.0096   -0.0096   -0.0096   -0.0096   -0.0096   -0.0096   -0.0096   -0.0096   -0.0096   -0.0096   -0.0096   -0.0096   -0.0096   -0.0096   -0.0096   -0.0096   -0.0096   -0.0096   -0.0096   -0.0096   -0.0096   -0.0096   -0.0096   -0.0096    1.0000   -0.0096   -0.0096
Row47      -0.0096   -0.0096   -0.0096   -0.0096   -0.0096   -0.0096   -0.0096   -0.0096   -0.0096   -0.0096   -0.0096   -0.0096   -0.0096   -0.0096   -0.0096   -0.0096   -0.0096   -0.0096   -0.0096   -0.0096   -0.0096   -0.0096   -0.0096   -0.0096   -0.0096   -0.0096   -0.0096   -0.0096   -0.0096   -0.0096   -0.0096   -0.0096   -0.0096   -0.0096   -0.0096   -0.0096   -0.0096   -0.0096   -0.0096   -0.0096   -0.0096   -0.0096   -0.0096   -0.0096   -0.0096   -0.0096    1.0000   -0.0096
Row48      -0.0096   -0.0096   -0.0096   -0.0096   -0.0096   -0.0096   -0.0096   -0.0096   -0.0096   -0.0096   -0.0096   -0.0096   -0.0096   -0.0096   -0.0096   -0.0096   -0.0096   -0.0096   -0.0096   -0.0096   -0.0096   -0.0096   -0.0096   -0.0096   -0.0096   -0.0096   -0.0096   -0.0096   -0.0096   -0.0096   -0.0096   -0.0096   -0.0096   -0.0096   -0.0096   -0.0096   -0.0096   -0.0096   -0.0096   -0.0096   -0.0096   -0.0096   -0.0096   -0.0096   -0.0096   -0.0096   -0.0096    1.0000

                                Contrast Estimate Results                                

Label           Estimate  Std Error  Chi-Square  Pr > ChiSq  Exp(Est)     Lower     Upper
--------------  --------  ---------  ----------  ----------  --------  --------  --------
Rural vs Urban   -0.5487     0.0033  28251.7282      <.0001    0.5777    0.5740    0.5814
                                 MODEL 2: GEE Logistic Regression with State Clustering
                   DV: Current Smoker | IVs: urru, year_centered, age, sex, race | Clustering: State


                The GENMOD Procedure                
                 Model Information                  

Item                                           Value
----------------------  ----------------------------
Response Variable       currentsmoker Current Smoker
Distribution                                binomial
Link Function                                  logit
Number of Observations                            96

    Analysis of Maximum Likelihood Parameter Estimates    

Parameter      Estimate  Std Error  Chi-Square  Pr > ChiSq
-------------  --------  ---------  ----------  ----------
Intercept       -2.0859     0.1584    173.3801      <.0001
URRU_1           0.6649     0.0628    111.9798      <.0001
year_centered    0.1602     0.1065      2.2641      0.1324
_AGE_G_2        -0.0673     0.2510      0.0718      0.7887
_AGE_G_3        -0.3265     0.5795      0.3175      0.5731
_AGE_G_4         1.0432     0.1324     62.0662      <.0001
_AGE_G_5         0.2044     0.5712      0.1280      0.7205
_AGE_G_6         1.6491     0.4498     13.4440      0.0002
SEXVAR_2         0.2493     0.5953      0.1753      0.6754
_RACEGR3_2       0.9565     0.2015     22.5286      <.0001
_RACEGR3_3       0.3324     0.0561     35.1401      <.0001
_RACEGR3_4       0.8248     0.1277     41.7277      <.0001

Criteria for Assessing Goodness of Fit

Criterion          Value
--------------  --------
Deviance        112.7971
Log Likelihood  -56.3986
AIC             136.7971
BIC             167.5693

             LR Statistics For Type 3 Analysis             

Source               DF              Chi-Square  Pr > ChiSq
-------------  --------  ----------------------  ----------
URRU                  1                111.9798      <.0001
year_centered         1                  2.2641      0.1324
_AGE_G                5                  0.9801      0.3222
SEXVAR                1                  0.1753      0.6754
_RACEGR3              3  -1920357591754271.2500      1.0000

                                                              Estimated Covariance Matrix                                                               

Parameter      Intercept     URRU_1  YEAR_CENTERED   _AGE_G_2   _AGE_G_3   _AGE_G_4   _AGE_G_5   _AGE_G_6   SEXVAR_2  _RACEGR3_2  _RACEGR3_3  _RACEGR3_4
-------------  ---------  ---------  -------------  ---------  ---------  ---------  ---------  ---------  ---------  ----------  ----------  ----------
Intercept       0.025095  -0.009954      -0.016868  -0.039766   0.091793  -0.020977   0.090483  -0.071248  -0.094308    0.031925    0.008883   -0.020226
URRU_1         -0.009954   0.003948       0.006691   0.015773  -0.036410   0.008321  -0.035890   0.028260   0.037407   -0.012663   -0.003523    0.008023
YEAR_CENTERED  -0.016868   0.006691       0.011338   0.026730  -0.061701   0.014100  -0.060820   0.047891   0.063391   -0.021459   -0.005971    0.013596
_AGE_G_2       -0.039766   0.015773       0.026730   0.063014  -0.145457   0.033241  -0.143380   0.112901   0.149443   -0.050588   -0.014076    0.032051
_AGE_G_3        0.091793  -0.036410      -0.061701  -0.145457   0.335763  -0.076730   0.330968  -0.260611  -0.344962    0.116774    0.032491   -0.073985
_AGE_G_4       -0.020977   0.008321       0.014100   0.033241  -0.076730   0.017535  -0.075634   0.059556   0.078832   -0.026686   -0.007425    0.016907
_AGE_G_5        0.090483  -0.035890      -0.060820  -0.143380   0.330968  -0.075634   0.326242  -0.256890  -0.340036    0.115106    0.032027   -0.072928
_AGE_G_6       -0.071248   0.028260       0.047891   0.112901  -0.260611   0.059556  -0.256890   0.202280   0.267752   -0.090637   -0.025219    0.057425
SEXVAR_2       -0.094308   0.037407       0.063391   0.149443  -0.344962   0.078832  -0.340036   0.267752   0.354414   -0.119973   -0.033381    0.076012
_RACEGR3_2      0.031925  -0.012663      -0.021459  -0.050588   0.116774  -0.026686   0.115106  -0.090637  -0.119973    0.040612    0.011300   -0.025731
_RACEGR3_3      0.008883  -0.003523      -0.005971  -0.014076   0.032491  -0.007425   0.032027  -0.025219  -0.033381    0.011300    0.003144   -0.007159
_RACEGR3_4     -0.020226   0.008023       0.013596   0.032051  -0.073985   0.016907  -0.072928   0.057425   0.076012   -0.025731   -0.007159    0.016302

    GEE Model Information    

Item                    Value
-------------------  --------
Subject Effect         _STATE
Working Correlation      exch

                                                                                                                                                                                                                                       Working Correlation Matrix                                                                                                                                                                                                                                       

Row           Col1      Col2      Col3      Col4      Col5      Col6      Col7      Col8      Col9     Col10     Col11     Col12     Col13     Col14     Col15     Col16     Col17     Col18     Col19     Col20     Col21     Col22     Col23     Col24     Col25     Col26     Col27     Col28     Col29     Col30     Col31     Col32     Col33     Col34     Col35     Col36     Col37     Col38     Col39     Col40     Col41     Col42     Col43     Col44     Col45     Col46     Col47     Col48
--------  --------  --------  --------  --------  --------  --------  --------  --------  --------  --------  --------  --------  --------  --------  --------  --------  --------  --------  --------  --------  --------  --------  --------  --------  --------  --------  --------  --------  --------  --------  --------  --------  --------  --------  --------  --------  --------  --------  --------  --------  --------  --------  --------  --------  --------  --------  --------  --------
Row1        1.0000   -0.0003   -0.0003   -0.0003   -0.0003   -0.0003   -0.0003   -0.0003   -0.0003   -0.0003   -0.0003   -0.0003   -0.0003   -0.0003   -0.0003   -0.0003   -0.0003   -0.0003   -0.0003   -0.0003   -0.0003   -0.0003   -0.0003   -0.0003   -0.0003   -0.0003   -0.0003   -0.0003   -0.0003   -0.0003   -0.0003   -0.0003   -0.0003   -0.0003   -0.0003   -0.0003   -0.0003   -0.0003   -0.0003   -0.0003   -0.0003   -0.0003   -0.0003   -0.0003   -0.0003   -0.0003   -0.0003   -0.0003
Row2       -0.0003    1.0000   -0.0003   -0.0003   -0.0003   -0.0003   -0.0003   -0.0003   -0.0003   -0.0003   -0.0003   -0.0003   -0.0003   -0.0003   -0.0003   -0.0003   -0.0003   -0.0003   -0.0003   -0.0003   -0.0003   -0.0003   -0.0003   -0.0003   -0.0003   -0.0003   -0.0003   -0.0003   -0.0003   -0.0003   -0.0003   -0.0003   -0.0003   -0.0003   -0.0003   -0.0003   -0.0003   -0.0003   -0.0003   -0.0003   -0.0003   -0.0003   -0.0003   -0.0003   -0.0003   -0.0003   -0.0003   -0.0003
Row3       -0.0003   -0.0003    1.0000   -0.0003   -0.0003   -0.0003   -0.0003   -0.0003   -0.0003   -0.0003   -0.0003   -0.0003   -0.0003   -0.0003   -0.0003   -0.0003   -0.0003   -0.0003   -0.0003   -0.0003   -0.0003   -0.0003   -0.0003   -0.0003   -0.0003   -0.0003   -0.0003   -0.0003   -0.0003   -0.0003   -0.0003   -0.0003   -0.0003   -0.0003   -0.0003   -0.0003   -0.0003   -0.0003   -0.0003   -0.0003   -0.0003   -0.0003   -0.0003   -0.0003   -0.0003   -0.0003   -0.0003   -0.0003
Row4       -0.0003   -0.0003   -0.0003    1.0000   -0.0003   -0.0003   -0.0003   -0.0003   -0.0003   -0.0003   -0.0003   -0.0003   -0.0003   -0.0003   -0.0003   -0.0003   -0.0003   -0.0003   -0.0003   -0.0003   -0.0003   -0.0003   -0.0003   -0.0003   -0.0003   -0.0003   -0.0003   -0.0003   -0.0003   -0.0003   -0.0003   -0.0003   -0.0003   -0.0003   -0.0003   -0.0003   -0.0003   -0.0003   -0.0003   -0.0003   -0.0003   -0.0003   -0.0003   -0.0003   -0.0003   -0.0003   -0.0003   -0.0003
Row5       -0.0003   -0.0003   -0.0003   -0.0003    1.0000   -0.0003   -0.0003   -0.0003   -0.0003   -0.0003   -0.0003   -0.0003   -0.0003   -0.0003   -0.0003   -0.0003   -0.0003   -0.0003   -0.0003   -0.0003   -0.0003   -0.0003   -0.0003   -0.0003   -0.0003   -0.0003   -0.0003   -0.0003   -0.0003   -0.0003   -0.0003   -0.0003   -0.0003   -0.0003   -0.0003   -0.0003   -0.0003   -0.0003   -0.0003   -0.0003   -0.0003   -0.0003   -0.0003   -0.0003   -0.0003   -0.0003   -0.0003   -0.0003
Row6       -0.0003   -0.0003   -0.0003   -0.0003   -0.0003    1.0000   -0.0003   -0.0003   -0.0003   -0.0003   -0.0003   -0.0003   -0.0003   -0.0003   -0.0003   -0.0003   -0.0003   -0.0003   -0.0003   -0.0003   -0.0003   -0.0003   -0.0003   -0.0003   -0.0003   -0.0003   -0.0003   -0.0003   -0.0003   -0.0003   -0.0003   -0.0003   -0.0003   -0.0003   -0.0003   -0.0003   -0.0003   -0.0003   -0.0003   -0.0003   -0.0003   -0.0003   -0.0003   -0.0003   -0.0003   -0.0003   -0.0003   -0.0003
Row7       -0.0003   -0.0003   -0.0003   -0.0003   -0.0003   -0.0003    1.0000   -0.0003   -0.0003   -0.0003   -0.0003   -0.0003   -0.0003   -0.0003   -0.0003   -0.0003   -0.0003   -0.0003   -0.0003   -0.0003   -0.0003   -0.0003   -0.0003   -0.0003   -0.0003   -0.0003   -0.0003   -0.0003   -0.0003   -0.0003   -0.0003   -0.0003   -0.0003   -0.0003   -0.0003   -0.0003   -0.0003   -0.0003   -0.0003   -0.0003   -0.0003   -0.0003   -0.0003   -0.0003   -0.0003   -0.0003   -0.0003   -0.0003
Row8       -0.0003   -0.0003   -0.0003   -0.0003   -0.0003   -0.0003   -0.0003    1.0000   -0.0003   -0.0003   -0.0003   -0.0003   -0.0003   -0.0003   -0.0003   -0.0003   -0.0003   -0.0003   -0.0003   -0.0003   -0.0003   -0.0003   -0.0003   -0.0003   -0.0003   -0.0003   -0.0003   -0.0003   -0.0003   -0.0003   -0.0003   -0.0003   -0.0003   -0.0003   -0.0003   -0.0003   -0.0003   -0.0003   -0.0003   -0.0003   -0.0003   -0.0003   -0.0003   -0.0003   -0.0003   -0.0003   -0.0003   -0.0003
Row9       -0.0003   -0.0003   -0.0003   -0.0003   -0.0003   -0.0003   -0.0003   -0.0003    1.0000   -0.0003   -0.0003   -0.0003   -0.0003   -0.0003   -0.0003   -0.0003   -0.0003   -0.0003   -0.0003   -0.0003   -0.0003   -0.0003   -0.0003   -0.0003   -0.0003   -0.0003   -0.0003   -0.0003   -0.0003   -0.0003   -0.0003   -0.0003   -0.0003   -0.0003   -0.0003   -0.0003   -0.0003   -0.0003   -0.0003   -0.0003   -0.0003   -0.0003   -0.0003   -0.0003   -0.0003   -0.0003   -0.0003   -0.0003
Row10      -0.0003   -0.0003   -0.0003   -0.0003   -0.0003   -0.0003   -0.0003   -0.0003   -0.0003    1.0000   -0.0003   -0.0003   -0.0003   -0.0003   -0.0003   -0.0003   -0.0003   -0.0003   -0.0003   -0.0003   -0.0003   -0.0003   -0.0003   -0.0003   -0.0003   -0.0003   -0.0003   -0.0003   -0.0003   -0.0003   -0.0003   -0.0003   -0.0003   -0.0003   -0.0003   -0.0003   -0.0003   -0.0003   -0.0003   -0.0003   -0.0003   -0.0003   -0.0003   -0.0003   -0.0003   -0.0003   -0.0003   -0.0003
Row11      -0.0003   -0.0003   -0.0003   -0.0003   -0.0003   -0.0003   -0.0003   -0.0003   -0.0003   -0.0003    1.0000   -0.0003   -0.0003   -0.0003   -0.0003   -0.0003   -0.0003   -0.0003   -0.0003   -0.0003   -0.0003   -0.0003   -0.0003   -0.0003   -0.0003   -0.0003   -0.0003   -0.0003   -0.0003   -0.0003   -0.0003   -0.0003   -0.0003   -0.0003   -0.0003   -0.0003   -0.0003   -0.0003   -0.0003   -0.0003   -0.0003   -0.0003   -0.0003   -0.0003   -0.0003   -0.0003   -0.0003   -0.0003
Row12      -0.0003   -0.0003   -0.0003   -0.0003   -0.0003   -0.0003   -0.0003   -0.0003   -0.0003   -0.0003   -0.0003    1.0000   -0.0003   -0.0003   -0.0003   -0.0003   -0.0003   -0.0003   -0.0003   -0.0003   -0.0003   -0.0003   -0.0003   -0.0003   -0.0003   -0.0003   -0.0003   -0.0003   -0.0003   -0.0003   -0.0003   -0.0003   -0.0003   -0.0003   -0.0003   -0.0003   -0.0003   -0.0003   -0.0003   -0.0003   -0.0003   -0.0003   -0.0003   -0.0003   -0.0003   -0.0003   -0.0003   -0.0003
Row13      -0.0003   -0.0003   -0.0003   -0.0003   -0.0003   -0.0003   -0.0003   -0.0003   -0.0003   -0.0003   -0.0003   -0.0003    1.0000   -0.0003   -0.0003   -0.0003   -0.0003   -0.0003   -0.0003   -0.0003   -0.0003   -0.0003   -0.0003   -0.0003   -0.0003   -0.0003   -0.0003   -0.0003   -0.0003   -0.0003   -0.0003   -0.0003   -0.0003   -0.0003   -0.0003   -0.0003   -0.0003   -0.0003   -0.0003   -0.0003   -0.0003   -0.0003   -0.0003   -0.0003   -0.0003   -0.0003   -0.0003   -0.0003
Row14      -0.0003   -0.0003   -0.0003   -0.0003   -0.0003   -0.0003   -0.0003   -0.0003   -0.0003   -0.0003   -0.0003   -0.0003   -0.0003    1.0000   -0.0003   -0.0003   -0.0003   -0.0003   -0.0003   -0.0003   -0.0003   -0.0003   -0.0003   -0.0003   -0.0003   -0.0003   -0.0003   -0.0003   -0.0003   -0.0003   -0.0003   -0.0003   -0.0003   -0.0003   -0.0003   -0.0003   -0.0003   -0.0003   -0.0003   -0.0003   -0.0003   -0.0003   -0.0003   -0.0003   -0.0003   -0.0003   -0.0003   -0.0003
Row15      -0.0003   -0.0003   -0.0003   -0.0003   -0.0003   -0.0003   -0.0003   -0.0003   -0.0003   -0.0003   -0.0003   -0.0003   -0.0003   -0.0003    1.0000   -0.0003   -0.0003   -0.0003   -0.0003   -0.0003   -0.0003   -0.0003   -0.0003   -0.0003   -0.0003   -0.0003   -0.0003   -0.0003   -0.0003   -0.0003   -0.0003   -0.0003   -0.0003   -0.0003   -0.0003   -0.0003   -0.0003   -0.0003   -0.0003   -0.0003   -0.0003   -0.0003   -0.0003   -0.0003   -0.0003   -0.0003   -0.0003   -0.0003
Row16      -0.0003   -0.0003   -0.0003   -0.0003   -0.0003   -0.0003   -0.0003   -0.0003   -0.0003   -0.0003   -0.0003   -0.0003   -0.0003   -0.0003   -0.0003    1.0000   -0.0003   -0.0003   -0.0003   -0.0003   -0.0003   -0.0003   -0.0003   -0.0003   -0.0003   -0.0003   -0.0003   -0.0003   -0.0003   -0.0003   -0.0003   -0.0003   -0.0003   -0.0003   -0.0003   -0.0003   -0.0003   -0.0003   -0.0003   -0.0003   -0.0003   -0.0003   -0.0003   -0.0003   -0.0003   -0.0003   -0.0003   -0.0003
Row17      -0.0003   -0.0003   -0.0003   -0.0003   -0.0003   -0.0003   -0.0003   -0.0003   -0.0003   -0.0003   -0.0003   -0.0003   -0.0003   -0.0003   -0.0003   -0.0003    1.0000   -0.0003   -0.0003   -0.0003   -0.0003   -0.0003   -0.0003   -0.0003   -0.0003   -0.0003   -0.0003   -0.0003   -0.0003   -0.0003   -0.0003   -0.0003   -0.0003   -0.0003   -0.0003   -0.0003   -0.0003   -0.0003   -0.0003   -0.0003   -0.0003   -0.0003   -0.0003   -0.0003   -0.0003   -0.0003   -0.0003   -0.0003
Row18      -0.0003   -0.0003   -0.0003   -0.0003   -0.0003   -0.0003   -0.0003   -0.0003   -0.0003   -0.0003   -0.0003   -0.0003   -0.0003   -0.0003   -0.0003   -0.0003   -0.0003    1.0000   -0.0003   -0.0003   -0.0003   -0.0003   -0.0003   -0.0003   -0.0003   -0.0003   -0.0003   -0.0003   -0.0003   -0.0003   -0.0003   -0.0003   -0.0003   -0.0003   -0.0003   -0.0003   -0.0003   -0.0003   -0.0003   -0.0003   -0.0003   -0.0003   -0.0003   -0.0003   -0.0003   -0.0003   -0.0003   -0.0003
Row19      -0.0003   -0.0003   -0.0003   -0.0003   -0.0003   -0.0003   -0.0003   -0.0003   -0.0003   -0.0003   -0.0003   -0.0003   -0.0003   -0.0003   -0.0003   -0.0003   -0.0003   -0.0003    1.0000   -0.0003   -0.0003   -0.0003   -0.0003   -0.0003   -0.0003   -0.0003   -0.0003   -0.0003   -0.0003   -0.0003   -0.0003   -0.0003   -0.0003   -0.0003   -0.0003   -0.0003   -0.0003   -0.0003   -0.0003   -0.0003   -0.0003   -0.0003   -0.0003   -0.0003   -0.0003   -0.0003   -0.0003   -0.0003
Row20      -0.0003   -0.0003   -0.0003   -0.0003   -0.0003   -0.0003   -0.0003   -0.0003   -0.0003   -0.0003   -0.0003   -0.0003   -0.0003   -0.0003   -0.0003   -0.0003   -0.0003   -0.0003   -0.0003    1.0000   -0.0003   -0.0003   -0.0003   -0.0003   -0.0003   -0.0003   -0.0003   -0.0003   -0.0003   -0.0003   -0.0003   -0.0003   -0.0003   -0.0003   -0.0003   -0.0003   -0.0003   -0.0003   -0.0003   -0.0003   -0.0003   -0.0003   -0.0003   -0.0003   -0.0003   -0.0003   -0.0003   -0.0003
Row21      -0.0003   -0.0003   -0.0003   -0.0003   -0.0003   -0.0003   -0.0003   -0.0003   -0.0003   -0.0003   -0.0003   -0.0003   -0.0003   -0.0003   -0.0003   -0.0003   -0.0003   -0.0003   -0.0003   -0.0003    1.0000   -0.0003   -0.0003   -0.0003   -0.0003   -0.0003   -0.0003   -0.0003   -0.0003   -0.0003   -0.0003   -0.0003   -0.0003   -0.0003   -0.0003   -0.0003   -0.0003   -0.0003   -0.0003   -0.0003   -0.0003   -0.0003   -0.0003   -0.0003   -0.0003   -0.0003   -0.0003   -0.0003
Row22      -0.0003   -0.0003   -0.0003   -0.0003   -0.0003   -0.0003   -0.0003   -0.0003   -0.0003   -0.0003   -0.0003   -0.0003   -0.0003   -0.0003   -0.0003   -0.0003   -0.0003   -0.0003   -0.0003   -0.0003   -0.0003    1.0000   -0.0003   -0.0003   -0.0003   -0.0003   -0.0003   -0.0003   -0.0003   -0.0003   -0.0003   -0.0003   -0.0003   -0.0003   -0.0003   -0.0003   -0.0003   -0.0003   -0.0003   -0.0003   -0.0003   -0.0003   -0.0003   -0.0003   -0.0003   -0.0003   -0.0003   -0.0003
Row23      -0.0003   -0.0003   -0.0003   -0.0003   -0.0003   -0.0003   -0.0003   -0.0003   -0.0003   -0.0003   -0.0003   -0.0003   -0.0003   -0.0003   -0.0003   -0.0003   -0.0003   -0.0003   -0.0003   -0.0003   -0.0003   -0.0003    1.0000   -0.0003   -0.0003   -0.0003   -0.0003   -0.0003   -0.0003   -0.0003   -0.0003   -0.0003   -0.0003   -0.0003   -0.0003   -0.0003   -0.0003   -0.0003   -0.0003   -0.0003   -0.0003   -0.0003   -0.0003   -0.0003   -0.0003   -0.0003   -0.0003   -0.0003
Row24      -0.0003   -0.0003   -0.0003   -0.0003   -0.0003   -0.0003   -0.0003   -0.0003   -0.0003   -0.0003   -0.0003   -0.0003   -0.0003   -0.0003   -0.0003   -0.0003   -0.0003   -0.0003   -0.0003   -0.0003   -0.0003   -0.0003   -0.0003    1.0000   -0.0003   -0.0003   -0.0003   -0.0003   -0.0003   -0.0003   -0.0003   -0.0003   -0.0003   -0.0003   -0.0003   -0.0003   -0.0003   -0.0003   -0.0003   -0.0003   -0.0003   -0.0003   -0.0003   -0.0003   -0.0003   -0.0003   -0.0003   -0.0003
Row25      -0.0003   -0.0003   -0.0003   -0.0003   -0.0003   -0.0003   -0.0003   -0.0003   -0.0003   -0.0003   -0.0003   -0.0003   -0.0003   -0.0003   -0.0003   -0.0003   -0.0003   -0.0003   -0.0003   -0.0003   -0.0003   -0.0003   -0.0003   -0.0003    1.0000   -0.0003   -0.0003   -0.0003   -0.0003   -0.0003   -0.0003   -0.0003   -0.0003   -0.0003   -0.0003   -0.0003   -0.0003   -0.0003   -0.0003   -0.0003   -0.0003   -0.0003   -0.0003   -0.0003   -0.0003   -0.0003   -0.0003   -0.0003
Row26      -0.0003   -0.0003   -0.0003   -0.0003   -0.0003   -0.0003   -0.0003   -0.0003   -0.0003   -0.0003   -0.0003   -0.0003   -0.0003   -0.0003   -0.0003   -0.0003   -0.0003   -0.0003   -0.0003   -0.0003   -0.0003   -0.0003   -0.0003   -0.0003   -0.0003    1.0000   -0.0003   -0.0003   -0.0003   -0.0003   -0.0003   -0.0003   -0.0003   -0.0003   -0.0003   -0.0003   -0.0003   -0.0003   -0.0003   -0.0003   -0.0003   -0.0003   -0.0003   -0.0003   -0.0003   -0.0003   -0.0003   -0.0003
Row27      -0.0003   -0.0003   -0.0003   -0.0003   -0.0003   -0.0003   -0.0003   -0.0003   -0.0003   -0.0003   -0.0003   -0.0003   -0.0003   -0.0003   -0.0003   -0.0003   -0.0003   -0.0003   -0.0003   -0.0003   -0.0003   -0.0003   -0.0003   -0.0003   -0.0003   -0.0003    1.0000   -0.0003   -0.0003   -0.0003   -0.0003   -0.0003   -0.0003   -0.0003   -0.0003   -0.0003   -0.0003   -0.0003   -0.0003   -0.0003   -0.0003   -0.0003   -0.0003   -0.0003   -0.0003   -0.0003   -0.0003   -0.0003
Row28      -0.0003   -0.0003   -0.0003   -0.0003   -0.0003   -0.0003   -0.0003   -0.0003   -0.0003   -0.0003   -0.0003   -0.0003   -0.0003   -0.0003   -0.0003   -0.0003   -0.0003   -0.0003   -0.0003   -0.0003   -0.0003   -0.0003   -0.0003   -0.0003   -0.0003   -0.0003   -0.0003    1.0000   -0.0003   -0.0003   -0.0003   -0.0003   -0.0003   -0.0003   -0.0003   -0.0003   -0.0003   -0.0003   -0.0003   -0.0003   -0.0003   -0.0003   -0.0003   -0.0003   -0.0003   -0.0003   -0.0003   -0.0003
Row29      -0.0003   -0.0003   -0.0003   -0.0003   -0.0003   -0.0003   -0.0003   -0.0003   -0.0003   -0.0003   -0.0003   -0.0003   -0.0003   -0.0003   -0.0003   -0.0003   -0.0003   -0.0003   -0.0003   -0.0003   -0.0003   -0.0003   -0.0003   -0.0003   -0.0003   -0.0003   -0.0003   -0.0003    1.0000   -0.0003   -0.0003   -0.0003   -0.0003   -0.0003   -0.0003   -0.0003   -0.0003   -0.0003   -0.0003   -0.0003   -0.0003   -0.0003   -0.0003   -0.0003   -0.0003   -0.0003   -0.0003   -0.0003
Row30      -0.0003   -0.0003   -0.0003   -0.0003   -0.0003   -0.0003   -0.0003   -0.0003   -0.0003   -0.0003   -0.0003   -0.0003   -0.0003   -0.0003   -0.0003   -0.0003   -0.0003   -0.0003   -0.0003   -0.0003   -0.0003   -0.0003   -0.0003   -0.0003   -0.0003   -0.0003   -0.0003   -0.0003   -0.0003    1.0000   -0.0003   -0.0003   -0.0003   -0.0003   -0.0003   -0.0003   -0.0003   -0.0003   -0.0003   -0.0003   -0.0003   -0.0003   -0.0003   -0.0003   -0.0003   -0.0003   -0.0003   -0.0003
Row31      -0.0003   -0.0003   -0.0003   -0.0003   -0.0003   -0.0003   -0.0003   -0.0003   -0.0003   -0.0003   -0.0003   -0.0003   -0.0003   -0.0003   -0.0003   -0.0003   -0.0003   -0.0003   -0.0003   -0.0003   -0.0003   -0.0003   -0.0003   -0.0003   -0.0003   -0.0003   -0.0003   -0.0003   -0.0003   -0.0003    1.0000   -0.0003   -0.0003   -0.0003   -0.0003   -0.0003   -0.0003   -0.0003   -0.0003   -0.0003   -0.0003   -0.0003   -0.0003   -0.0003   -0.0003   -0.0003   -0.0003   -0.0003
Row32      -0.0003   -0.0003   -0.0003   -0.0003   -0.0003   -0.0003   -0.0003   -0.0003   -0.0003   -0.0003   -0.0003   -0.0003   -0.0003   -0.0003   -0.0003   -0.0003   -0.0003   -0.0003   -0.0003   -0.0003   -0.0003   -0.0003   -0.0003   -0.0003   -0.0003   -0.0003   -0.0003   -0.0003   -0.0003   -0.0003   -0.0003    1.0000   -0.0003   -0.0003   -0.0003   -0.0003   -0.0003   -0.0003   -0.0003   -0.0003   -0.0003   -0.0003   -0.0003   -0.0003   -0.0003   -0.0003   -0.0003   -0.0003
Row33      -0.0003   -0.0003   -0.0003   -0.0003   -0.0003   -0.0003   -0.0003   -0.0003   -0.0003   -0.0003   -0.0003   -0.0003   -0.0003   -0.0003   -0.0003   -0.0003   -0.0003   -0.0003   -0.0003   -0.0003   -0.0003   -0.0003   -0.0003   -0.0003   -0.0003   -0.0003   -0.0003   -0.0003   -0.0003   -0.0003   -0.0003   -0.0003    1.0000   -0.0003   -0.0003   -0.0003   -0.0003   -0.0003   -0.0003   -0.0003   -0.0003   -0.0003   -0.0003   -0.0003   -0.0003   -0.0003   -0.0003   -0.0003
Row34      -0.0003   -0.0003   -0.0003   -0.0003   -0.0003   -0.0003   -0.0003   -0.0003   -0.0003   -0.0003   -0.0003   -0.0003   -0.0003   -0.0003   -0.0003   -0.0003   -0.0003   -0.0003   -0.0003   -0.0003   -0.0003   -0.0003   -0.0003   -0.0003   -0.0003   -0.0003   -0.0003   -0.0003   -0.0003   -0.0003   -0.0003   -0.0003   -0.0003    1.0000   -0.0003   -0.0003   -0.0003   -0.0003   -0.0003   -0.0003   -0.0003   -0.0003   -0.0003   -0.0003   -0.0003   -0.0003   -0.0003   -0.0003
Row35      -0.0003   -0.0003   -0.0003   -0.0003   -0.0003   -0.0003   -0.0003   -0.0003   -0.0003   -0.0003   -0.0003   -0.0003   -0.0003   -0.0003   -0.0003   -0.0003   -0.0003   -0.0003   -0.0003   -0.0003   -0.0003   -0.0003   -0.0003   -0.0003   -0.0003   -0.0003   -0.0003   -0.0003   -0.0003   -0.0003   -0.0003   -0.0003   -0.0003   -0.0003    1.0000   -0.0003   -0.0003   -0.0003   -0.0003   -0.0003   -0.0003   -0.0003   -0.0003   -0.0003   -0.0003   -0.0003   -0.0003   -0.0003
Row36      -0.0003   -0.0003   -0.0003   -0.0003   -0.0003   -0.0003   -0.0003   -0.0003   -0.0003   -0.0003   -0.0003   -0.0003   -0.0003   -0.0003   -0.0003   -0.0003   -0.0003   -0.0003   -0.0003   -0.0003   -0.0003   -0.0003   -0.0003   -0.0003   -0.0003   -0.0003   -0.0003   -0.0003   -0.0003   -0.0003   -0.0003   -0.0003   -0.0003   -0.0003   -0.0003    1.0000   -0.0003   -0.0003   -0.0003   -0.0003   -0.0003   -0.0003   -0.0003   -0.0003   -0.0003   -0.0003   -0.0003   -0.0003
Row37      -0.0003   -0.0003   -0.0003   -0.0003   -0.0003   -0.0003   -0.0003   -0.0003   -0.0003   -0.0003   -0.0003   -0.0003   -0.0003   -0.0003   -0.0003   -0.0003   -0.0003   -0.0003   -0.0003   -0.0003   -0.0003   -0.0003   -0.0003   -0.0003   -0.0003   -0.0003   -0.0003   -0.0003   -0.0003   -0.0003   -0.0003   -0.0003   -0.0003   -0.0003   -0.0003   -0.0003    1.0000   -0.0003   -0.0003   -0.0003   -0.0003   -0.0003   -0.0003   -0.0003   -0.0003   -0.0003   -0.0003   -0.0003
Row38      -0.0003   -0.0003   -0.0003   -0.0003   -0.0003   -0.0003   -0.0003   -0.0003   -0.0003   -0.0003   -0.0003   -0.0003   -0.0003   -0.0003   -0.0003   -0.0003   -0.0003   -0.0003   -0.0003   -0.0003   -0.0003   -0.0003   -0.0003   -0.0003   -0.0003   -0.0003   -0.0003   -0.0003   -0.0003   -0.0003   -0.0003   -0.0003   -0.0003   -0.0003   -0.0003   -0.0003   -0.0003    1.0000   -0.0003   -0.0003   -0.0003   -0.0003   -0.0003   -0.0003   -0.0003   -0.0003   -0.0003   -0.0003
Row39      -0.0003   -0.0003   -0.0003   -0.0003   -0.0003   -0.0003   -0.0003   -0.0003   -0.0003   -0.0003   -0.0003   -0.0003   -0.0003   -0.0003   -0.0003   -0.0003   -0.0003   -0.0003   -0.0003   -0.0003   -0.0003   -0.0003   -0.0003   -0.0003   -0.0003   -0.0003   -0.0003   -0.0003   -0.0003   -0.0003   -0.0003   -0.0003   -0.0003   -0.0003   -0.0003   -0.0003   -0.0003   -0.0003    1.0000   -0.0003   -0.0003   -0.0003   -0.0003   -0.0003   -0.0003   -0.0003   -0.0003   -0.0003
Row40      -0.0003   -0.0003   -0.0003   -0.0003   -0.0003   -0.0003   -0.0003   -0.0003   -0.0003   -0.0003   -0.0003   -0.0003   -0.0003   -0.0003   -0.0003   -0.0003   -0.0003   -0.0003   -0.0003   -0.0003   -0.0003   -0.0003   -0.0003   -0.0003   -0.0003   -0.0003   -0.0003   -0.0003   -0.0003   -0.0003   -0.0003   -0.0003   -0.0003   -0.0003   -0.0003   -0.0003   -0.0003   -0.0003   -0.0003    1.0000   -0.0003   -0.0003   -0.0003   -0.0003   -0.0003   -0.0003   -0.0003   -0.0003
Row41      -0.0003   -0.0003   -0.0003   -0.0003   -0.0003   -0.0003   -0.0003   -0.0003   -0.0003   -0.0003   -0.0003   -0.0003   -0.0003   -0.0003   -0.0003   -0.0003   -0.0003   -0.0003   -0.0003   -0.0003   -0.0003   -0.0003   -0.0003   -0.0003   -0.0003   -0.0003   -0.0003   -0.0003   -0.0003   -0.0003   -0.0003   -0.0003   -0.0003   -0.0003   -0.0003   -0.0003   -0.0003   -0.0003   -0.0003   -0.0003    1.0000   -0.0003   -0.0003   -0.0003   -0.0003   -0.0003   -0.0003   -0.0003
Row42      -0.0003   -0.0003   -0.0003   -0.0003   -0.0003   -0.0003   -0.0003   -0.0003   -0.0003   -0.0003   -0.0003   -0.0003   -0.0003   -0.0003   -0.0003   -0.0003   -0.0003   -0.0003   -0.0003   -0.0003   -0.0003   -0.0003   -0.0003   -0.0003   -0.0003   -0.0003   -0.0003   -0.0003   -0.0003   -0.0003   -0.0003   -0.0003   -0.0003   -0.0003   -0.0003   -0.0003   -0.0003   -0.0003   -0.0003   -0.0003   -0.0003    1.0000   -0.0003   -0.0003   -0.0003   -0.0003   -0.0003   -0.0003
Row43      -0.0003   -0.0003   -0.0003   -0.0003   -0.0003   -0.0003   -0.0003   -0.0003   -0.0003   -0.0003   -0.0003   -0.0003   -0.0003   -0.0003   -0.0003   -0.0003   -0.0003   -0.0003   -0.0003   -0.0003   -0.0003   -0.0003   -0.0003   -0.0003   -0.0003   -0.0003   -0.0003   -0.0003   -0.0003   -0.0003   -0.0003   -0.0003   -0.0003   -0.0003   -0.0003   -0.0003   -0.0003   -0.0003   -0.0003   -0.0003   -0.0003   -0.0003    1.0000   -0.0003   -0.0003   -0.0003   -0.0003   -0.0003
Row44      -0.0003   -0.0003   -0.0003   -0.0003   -0.0003   -0.0003   -0.0003   -0.0003   -0.0003   -0.0003   -0.0003   -0.0003   -0.0003   -0.0003   -0.0003   -0.0003   -0.0003   -0.0003   -0.0003   -0.0003   -0.0003   -0.0003   -0.0003   -0.0003   -0.0003   -0.0003   -0.0003   -0.0003   -0.0003   -0.0003   -0.0003   -0.0003   -0.0003   -0.0003   -0.0003   -0.0003   -0.0003   -0.0003   -0.0003   -0.0003   -0.0003   -0.0003   -0.0003    1.0000   -0.0003   -0.0003   -0.0003   -0.0003
Row45      -0.0003   -0.0003   -0.0003   -0.0003   -0.0003   -0.0003   -0.0003   -0.0003   -0.0003   -0.0003   -0.0003   -0.0003   -0.0003   -0.0003   -0.0003   -0.0003   -0.0003   -0.0003   -0.0003   -0.0003   -0.0003   -0.0003   -0.0003   -0.0003   -0.0003   -0.0003   -0.0003   -0.0003   -0.0003   -0.0003   -0.0003   -0.0003   -0.0003   -0.0003   -0.0003   -0.0003   -0.0003   -0.0003   -0.0003   -0.0003   -0.0003   -0.0003   -0.0003   -0.0003    1.0000   -0.0003   -0.0003   -0.0003
Row46      -0.0003   -0.0003   -0.0003   -0.0003   -0.0003   -0.0003   -0.0003   -0.0003   -0.0003   -0.0003   -0.0003   -0.0003   -0.0003   -0.0003   -0.0003   -0.0003   -0.0003   -0.0003   -0.0003   -0.0003   -0.0003   -0.0003   -0.0003   -0.0003   -0.0003   -0.0003   -0.0003   -0.0003   -0.0003   -0.0003   -0.0003   -0.0003   -0.0003   -0.0003   -0.0003   -0.0003   -0.0003   -0.0003   -0.0003   -0.0003   -0.0003   -0.0003   -0.0003   -0.0003   -0.0003    1.0000   -0.0003   -0.0003
Row47      -0.0003   -0.0003   -0.0003   -0.0003   -0.0003   -0.0003   -0.0003   -0.0003   -0.0003   -0.0003   -0.0003   -0.0003   -0.0003   -0.0003   -0.0003   -0.0003   -0.0003   -0.0003   -0.0003   -0.0003   -0.0003   -0.0003   -0.0003   -0.0003   -0.0003   -0.0003   -0.0003   -0.0003   -0.0003   -0.0003   -0.0003   -0.0003   -0.0003   -0.0003   -0.0003   -0.0003   -0.0003   -0.0003   -0.0003   -0.0003   -0.0003   -0.0003   -0.0003   -0.0003   -0.0003   -0.0003    1.0000   -0.0003
Row48      -0.0003   -0.0003   -0.0003   -0.0003   -0.0003   -0.0003   -0.0003   -0.0003   -0.0003   -0.0003   -0.0003   -0.0003   -0.0003   -0.0003   -0.0003   -0.0003   -0.0003   -0.0003   -0.0003   -0.0003   -0.0003   -0.0003   -0.0003   -0.0003   -0.0003   -0.0003   -0.0003   -0.0003   -0.0003   -0.0003   -0.0003   -0.0003   -0.0003   -0.0003   -0.0003   -0.0003   -0.0003   -0.0003   -0.0003   -0.0003   -0.0003   -0.0003   -0.0003   -0.0003   -0.0003   -0.0003   -0.0003    1.0000

                                Contrast Estimate Results                                

Label           Estimate  Std Error  Chi-Square  Pr > ChiSq  Exp(Est)     Lower     Upper
--------------  --------  ---------  ----------  ----------  --------  --------  --------
Rural vs Urban   -0.6649     0.0628    111.9798      <.0001    0.5143    0.4547    0.5817
                                MODEL 3a: GEE Logistic Regression with State Clustering
              DV: Current Smoker | IVs: urru, year_centered, age, sex, race, education | Clustering: State


                The GENMOD Procedure                
                 Model Information                  

Item                                           Value
----------------------  ----------------------------
Response Variable       currentsmoker Current Smoker
Distribution                                binomial
Link Function                                  logit
Number of Observations                            96

    Analysis of Maximum Likelihood Parameter Estimates    

Parameter      Estimate  Std Error  Chi-Square  Pr > ChiSq
-------------  --------  ---------  ----------  ----------
Intercept       -2.0610     0.0248   6914.1777      <.0001
URRU_1           0.8399     0.1095     58.8704      <.0001
year_centered    0.1527     0.0789      3.7420      0.0531
_AGE_G_2        -0.3959     0.2384      2.7577      0.0968
_AGE_G_3        -0.3462     0.5460      0.4020      0.5261
_AGE_G_4         1.0915     0.2365     21.3029      <.0001
_AGE_G_5         0.2927     0.7753      0.1425      0.7058
_AGE_G_6         1.9466     0.0738    694.8968      <.0001
SEXVAR_2         0.4909     0.4847      1.0258      0.3112
_RACEGR3_2       1.4460     0.4861      8.8483      0.0029
_RACEGR3_3       0.6051     0.2953      4.1983      0.0405
_RACEGR3_4       1.2261     0.2418     25.7121      <.0001
_EDUCAG_2       -1.3392     0.5017      7.1266      0.0076
_EDUCAG_3       -0.9860     0.9491      1.0793      0.2988
_EDUCAG_4        0.0799     0.6531      0.0150      0.9026

Criteria for Assessing Goodness of Fit

Criterion          Value
--------------  --------
Deviance        107.7534
Log Likelihood  -53.8767
AIC             137.7534
BIC             176.2186

       LR Statistics For Type 3 Analysis       

Source               DF  Chi-Square  Pr > ChiSq
-------------  --------  ----------  ----------
URRU                  1     58.8704      <.0001
year_centered         1      3.7420      0.0531
_AGE_G                5      0.2757      0.5996
SEXVAR                1      1.0258      0.3112
_RACEGR3              3      9.5119      0.0020
_EDUCAG               3      0.9704      0.3246

                                                                               Estimated Covariance Matrix                                                                               

Parameter      Intercept     URRU_1  YEAR_CENTERED   _AGE_G_2   _AGE_G_3   _AGE_G_4   _AGE_G_5   _AGE_G_6   SEXVAR_2  _RACEGR3_2  _RACEGR3_3  _RACEGR3_4  _EDUCAG_2  _EDUCAG_3  _EDUCAG_4
-------------  ---------  ---------  -------------  ---------  ---------  ---------  ---------  ---------  ---------  ----------  ----------  ----------  ---------  ---------  ---------
Intercept       0.000614  -0.002713      -0.001957  -0.005909   0.013532   0.005861   0.019218   0.001830  -0.012015    0.012049    0.007319    0.005993  -0.012434  -0.023524  -0.016189
URRU_1         -0.002713   0.011984       0.008642   0.026097  -0.059768  -0.025887  -0.084878  -0.008084   0.053064   -0.053217   -0.032327   -0.026471   0.054918   0.103898   0.071500
YEAR_CENTERED  -0.001957   0.008642       0.006231   0.018818  -0.043098  -0.018667  -0.061205  -0.005829   0.038264   -0.038374   -0.023311   -0.019088   0.039601   0.074920   0.051559
_AGE_G_2       -0.005909   0.026097       0.018818   0.056830  -0.130154  -0.056374  -0.184836  -0.017604   0.115555   -0.115888   -0.070398   -0.057644   0.119592   0.226255   0.155703
_AGE_G_3        0.013532  -0.059768      -0.043098  -0.130154   0.298082   0.129109   0.423316   0.040317  -0.264646    0.265411    0.161227    0.132019  -0.273893  -0.518175  -0.356596
_AGE_G_4        0.005861  -0.025887      -0.018667  -0.056374   0.129109   0.055922   0.183352   0.017463  -0.114627    0.114958    0.069833    0.057182  -0.118632  -0.224439  -0.154454
_AGE_G_5        0.019218  -0.084878      -0.061205  -0.184836   0.423316   0.183352   0.601166   0.057255  -0.375833    0.376919    0.228964    0.187484  -0.388965  -0.735878  -0.506414
_AGE_G_6        0.001830  -0.008084      -0.005829  -0.017604   0.040317   0.017463   0.057255   0.005453  -0.035795    0.035898    0.021807    0.017856  -0.037045  -0.070085  -0.048231
SEXVAR_2       -0.012015   0.053064       0.038264   0.115555  -0.264646  -0.114627  -0.375833  -0.035795   0.234961   -0.235640   -0.143142   -0.117210   0.243171   0.460052   0.316597
_RACEGR3_2      0.012049  -0.053217      -0.038374  -0.115888   0.265411   0.114958   0.376919   0.035898  -0.235640    0.236320    0.143556    0.117549  -0.243873  -0.461381  -0.317511
_RACEGR3_3      0.007319  -0.032327      -0.023311  -0.070398   0.161227   0.069833   0.228964   0.021807  -0.143142    0.143556    0.087205    0.071406  -0.148144  -0.280272  -0.192876
_RACEGR3_4      0.005993  -0.026471      -0.019088  -0.057644   0.132019   0.057182   0.187484   0.017856  -0.117210    0.117549    0.071406    0.058470  -0.121305  -0.229497  -0.157934
_EDUCAG_2      -0.012434   0.054918       0.039601   0.119592  -0.273893  -0.118632  -0.388965  -0.037045   0.243171   -0.243873   -0.148144   -0.121305   0.251667   0.476126   0.327659
_EDUCAG_3      -0.023524   0.103898       0.074920   0.226255  -0.518175  -0.224439  -0.735878  -0.070085   0.460052   -0.461381   -0.280272   -0.229497   0.476126   0.900777   0.619894
_EDUCAG_4      -0.016189   0.071500       0.051559   0.155703  -0.356596  -0.154454  -0.506414  -0.048231   0.316597   -0.317511   -0.192876   -0.157934   0.327659   0.619894   0.426596

    GEE Model Information    

Item                    Value
-------------------  --------
Subject Effect         _STATE
Working Correlation      exch

                                                                                                                                                                                                                                       Working Correlation Matrix                                                                                                                                                                                                                                       

Row           Col1      Col2      Col3      Col4      Col5      Col6      Col7      Col8      Col9     Col10     Col11     Col12     Col13     Col14     Col15     Col16     Col17     Col18     Col19     Col20     Col21     Col22     Col23     Col24     Col25     Col26     Col27     Col28     Col29     Col30     Col31     Col32     Col33     Col34     Col35     Col36     Col37     Col38     Col39     Col40     Col41     Col42     Col43     Col44     Col45     Col46     Col47     Col48
--------  --------  --------  --------  --------  --------  --------  --------  --------  --------  --------  --------  --------  --------  --------  --------  --------  --------  --------  --------  --------  --------  --------  --------  --------  --------  --------  --------  --------  --------  --------  --------  --------  --------  --------  --------  --------  --------  --------  --------  --------  --------  --------  --------  --------  --------  --------  --------  --------
Row1        1.0000    0.0158    0.0158    0.0158    0.0158    0.0158    0.0158    0.0158    0.0158    0.0158    0.0158    0.0158    0.0158    0.0158    0.0158    0.0158    0.0158    0.0158    0.0158    0.0158    0.0158    0.0158    0.0158    0.0158    0.0158    0.0158    0.0158    0.0158    0.0158    0.0158    0.0158    0.0158    0.0158    0.0158    0.0158    0.0158    0.0158    0.0158    0.0158    0.0158    0.0158    0.0158    0.0158    0.0158    0.0158    0.0158    0.0158    0.0158
Row2        0.0158    1.0000    0.0158    0.0158    0.0158    0.0158    0.0158    0.0158    0.0158    0.0158    0.0158    0.0158    0.0158    0.0158    0.0158    0.0158    0.0158    0.0158    0.0158    0.0158    0.0158    0.0158    0.0158    0.0158    0.0158    0.0158    0.0158    0.0158    0.0158    0.0158    0.0158    0.0158    0.0158    0.0158    0.0158    0.0158    0.0158    0.0158    0.0158    0.0158    0.0158    0.0158    0.0158    0.0158    0.0158    0.0158    0.0158    0.0158
Row3        0.0158    0.0158    1.0000    0.0158    0.0158    0.0158    0.0158    0.0158    0.0158    0.0158    0.0158    0.0158    0.0158    0.0158    0.0158    0.0158    0.0158    0.0158    0.0158    0.0158    0.0158    0.0158    0.0158    0.0158    0.0158    0.0158    0.0158    0.0158    0.0158    0.0158    0.0158    0.0158    0.0158    0.0158    0.0158    0.0158    0.0158    0.0158    0.0158    0.0158    0.0158    0.0158    0.0158    0.0158    0.0158    0.0158    0.0158    0.0158
Row4        0.0158    0.0158    0.0158    1.0000    0.0158    0.0158    0.0158    0.0158    0.0158    0.0158    0.0158    0.0158    0.0158    0.0158    0.0158    0.0158    0.0158    0.0158    0.0158    0.0158    0.0158    0.0158    0.0158    0.0158    0.0158    0.0158    0.0158    0.0158    0.0158    0.0158    0.0158    0.0158    0.0158    0.0158    0.0158    0.0158    0.0158    0.0158    0.0158    0.0158    0.0158    0.0158    0.0158    0.0158    0.0158    0.0158    0.0158    0.0158
Row5        0.0158    0.0158    0.0158    0.0158    1.0000    0.0158    0.0158    0.0158    0.0158    0.0158    0.0158    0.0158    0.0158    0.0158    0.0158    0.0158    0.0158    0.0158    0.0158    0.0158    0.0158    0.0158    0.0158    0.0158    0.0158    0.0158    0.0158    0.0158    0.0158    0.0158    0.0158    0.0158    0.0158    0.0158    0.0158    0.0158    0.0158    0.0158    0.0158    0.0158    0.0158    0.0158    0.0158    0.0158    0.0158    0.0158    0.0158    0.0158
Row6        0.0158    0.0158    0.0158    0.0158    0.0158    1.0000    0.0158    0.0158    0.0158    0.0158    0.0158    0.0158    0.0158    0.0158    0.0158    0.0158    0.0158    0.0158    0.0158    0.0158    0.0158    0.0158    0.0158    0.0158    0.0158    0.0158    0.0158    0.0158    0.0158    0.0158    0.0158    0.0158    0.0158    0.0158    0.0158    0.0158    0.0158    0.0158    0.0158    0.0158    0.0158    0.0158    0.0158    0.0158    0.0158    0.0158    0.0158    0.0158
Row7        0.0158    0.0158    0.0158    0.0158    0.0158    0.0158    1.0000    0.0158    0.0158    0.0158    0.0158    0.0158    0.0158    0.0158    0.0158    0.0158    0.0158    0.0158    0.0158    0.0158    0.0158    0.0158    0.0158    0.0158    0.0158    0.0158    0.0158    0.0158    0.0158    0.0158    0.0158    0.0158    0.0158    0.0158    0.0158    0.0158    0.0158    0.0158    0.0158    0.0158    0.0158    0.0158    0.0158    0.0158    0.0158    0.0158    0.0158    0.0158
Row8        0.0158    0.0158    0.0158    0.0158    0.0158    0.0158    0.0158    1.0000    0.0158    0.0158    0.0158    0.0158    0.0158    0.0158    0.0158    0.0158    0.0158    0.0158    0.0158    0.0158    0.0158    0.0158    0.0158    0.0158    0.0158    0.0158    0.0158    0.0158    0.0158    0.0158    0.0158    0.0158    0.0158    0.0158    0.0158    0.0158    0.0158    0.0158    0.0158    0.0158    0.0158    0.0158    0.0158    0.0158    0.0158    0.0158    0.0158    0.0158
Row9        0.0158    0.0158    0.0158    0.0158    0.0158    0.0158    0.0158    0.0158    1.0000    0.0158    0.0158    0.0158    0.0158    0.0158    0.0158    0.0158    0.0158    0.0158    0.0158    0.0158    0.0158    0.0158    0.0158    0.0158    0.0158    0.0158    0.0158    0.0158    0.0158    0.0158    0.0158    0.0158    0.0158    0.0158    0.0158    0.0158    0.0158    0.0158    0.0158    0.0158    0.0158    0.0158    0.0158    0.0158    0.0158    0.0158    0.0158    0.0158
Row10       0.0158    0.0158    0.0158    0.0158    0.0158    0.0158    0.0158    0.0158    0.0158    1.0000    0.0158    0.0158    0.0158    0.0158    0.0158    0.0158    0.0158    0.0158    0.0158    0.0158    0.0158    0.0158    0.0158    0.0158    0.0158    0.0158    0.0158    0.0158    0.0158    0.0158    0.0158    0.0158    0.0158    0.0158    0.0158    0.0158    0.0158    0.0158    0.0158    0.0158    0.0158    0.0158    0.0158    0.0158    0.0158    0.0158    0.0158    0.0158
Row11       0.0158    0.0158    0.0158    0.0158    0.0158    0.0158    0.0158    0.0158    0.0158    0.0158    1.0000    0.0158    0.0158    0.0158    0.0158    0.0158    0.0158    0.0158    0.0158    0.0158    0.0158    0.0158    0.0158    0.0158    0.0158    0.0158    0.0158    0.0158    0.0158    0.0158    0.0158    0.0158    0.0158    0.0158    0.0158    0.0158    0.0158    0.0158    0.0158    0.0158    0.0158    0.0158    0.0158    0.0158    0.0158    0.0158    0.0158    0.0158
Row12       0.0158    0.0158    0.0158    0.0158    0.0158    0.0158    0.0158    0.0158    0.0158    0.0158    0.0158    1.0000    0.0158    0.0158    0.0158    0.0158    0.0158    0.0158    0.0158    0.0158    0.0158    0.0158    0.0158    0.0158    0.0158    0.0158    0.0158    0.0158    0.0158    0.0158    0.0158    0.0158    0.0158    0.0158    0.0158    0.0158    0.0158    0.0158    0.0158    0.0158    0.0158    0.0158    0.0158    0.0158    0.0158    0.0158    0.0158    0.0158
Row13       0.0158    0.0158    0.0158    0.0158    0.0158    0.0158    0.0158    0.0158    0.0158    0.0158    0.0158    0.0158    1.0000    0.0158    0.0158    0.0158    0.0158    0.0158    0.0158    0.0158    0.0158    0.0158    0.0158    0.0158    0.0158    0.0158    0.0158    0.0158    0.0158    0.0158    0.0158    0.0158    0.0158    0.0158    0.0158    0.0158    0.0158    0.0158    0.0158    0.0158    0.0158    0.0158    0.0158    0.0158    0.0158    0.0158    0.0158    0.0158
Row14       0.0158    0.0158    0.0158    0.0158    0.0158    0.0158    0.0158    0.0158    0.0158    0.0158    0.0158    0.0158    0.0158    1.0000    0.0158    0.0158    0.0158    0.0158    0.0158    0.0158    0.0158    0.0158    0.0158    0.0158    0.0158    0.0158    0.0158    0.0158    0.0158    0.0158    0.0158    0.0158    0.0158    0.0158    0.0158    0.0158    0.0158    0.0158    0.0158    0.0158    0.0158    0.0158    0.0158    0.0158    0.0158    0.0158    0.0158    0.0158
Row15       0.0158    0.0158    0.0158    0.0158    0.0158    0.0158    0.0158    0.0158    0.0158    0.0158    0.0158    0.0158    0.0158    0.0158    1.0000    0.0158    0.0158    0.0158    0.0158    0.0158    0.0158    0.0158    0.0158    0.0158    0.0158    0.0158    0.0158    0.0158    0.0158    0.0158    0.0158    0.0158    0.0158    0.0158    0.0158    0.0158    0.0158    0.0158    0.0158    0.0158    0.0158    0.0158    0.0158    0.0158    0.0158    0.0158    0.0158    0.0158
Row16       0.0158    0.0158    0.0158    0.0158    0.0158    0.0158    0.0158    0.0158    0.0158    0.0158    0.0158    0.0158    0.0158    0.0158    0.0158    1.0000    0.0158    0.0158    0.0158    0.0158    0.0158    0.0158    0.0158    0.0158    0.0158    0.0158    0.0158    0.0158    0.0158    0.0158    0.0158    0.0158    0.0158    0.0158    0.0158    0.0158    0.0158    0.0158    0.0158    0.0158    0.0158    0.0158    0.0158    0.0158    0.0158    0.0158    0.0158    0.0158
Row17       0.0158    0.0158    0.0158    0.0158    0.0158    0.0158    0.0158    0.0158    0.0158    0.0158    0.0158    0.0158    0.0158    0.0158    0.0158    0.0158    1.0000    0.0158    0.0158    0.0158    0.0158    0.0158    0.0158    0.0158    0.0158    0.0158    0.0158    0.0158    0.0158    0.0158    0.0158    0.0158    0.0158    0.0158    0.0158    0.0158    0.0158    0.0158    0.0158    0.0158    0.0158    0.0158    0.0158    0.0158    0.0158    0.0158    0.0158    0.0158
Row18       0.0158    0.0158    0.0158    0.0158    0.0158    0.0158    0.0158    0.0158    0.0158    0.0158    0.0158    0.0158    0.0158    0.0158    0.0158    0.0158    0.0158    1.0000    0.0158    0.0158    0.0158    0.0158    0.0158    0.0158    0.0158    0.0158    0.0158    0.0158    0.0158    0.0158    0.0158    0.0158    0.0158    0.0158    0.0158    0.0158    0.0158    0.0158    0.0158    0.0158    0.0158    0.0158    0.0158    0.0158    0.0158    0.0158    0.0158    0.0158
Row19       0.0158    0.0158    0.0158    0.0158    0.0158    0.0158    0.0158    0.0158    0.0158    0.0158    0.0158    0.0158    0.0158    0.0158    0.0158    0.0158    0.0158    0.0158    1.0000    0.0158    0.0158    0.0158    0.0158    0.0158    0.0158    0.0158    0.0158    0.0158    0.0158    0.0158    0.0158    0.0158    0.0158    0.0158    0.0158    0.0158    0.0158    0.0158    0.0158    0.0158    0.0158    0.0158    0.0158    0.0158    0.0158    0.0158    0.0158    0.0158
Row20       0.0158    0.0158    0.0158    0.0158    0.0158    0.0158    0.0158    0.0158    0.0158    0.0158    0.0158    0.0158    0.0158    0.0158    0.0158    0.0158    0.0158    0.0158    0.0158    1.0000    0.0158    0.0158    0.0158    0.0158    0.0158    0.0158    0.0158    0.0158    0.0158    0.0158    0.0158    0.0158    0.0158    0.0158    0.0158    0.0158    0.0158    0.0158    0.0158    0.0158    0.0158    0.0158    0.0158    0.0158    0.0158    0.0158    0.0158    0.0158
Row21       0.0158    0.0158    0.0158    0.0158    0.0158    0.0158    0.0158    0.0158    0.0158    0.0158    0.0158    0.0158    0.0158    0.0158    0.0158    0.0158    0.0158    0.0158    0.0158    0.0158    1.0000    0.0158    0.0158    0.0158    0.0158    0.0158    0.0158    0.0158    0.0158    0.0158    0.0158    0.0158    0.0158    0.0158    0.0158    0.0158    0.0158    0.0158    0.0158    0.0158    0.0158    0.0158    0.0158    0.0158    0.0158    0.0158    0.0158    0.0158
Row22       0.0158    0.0158    0.0158    0.0158    0.0158    0.0158    0.0158    0.0158    0.0158    0.0158    0.0158    0.0158    0.0158    0.0158    0.0158    0.0158    0.0158    0.0158    0.0158    0.0158    0.0158    1.0000    0.0158    0.0158    0.0158    0.0158    0.0158    0.0158    0.0158    0.0158    0.0158    0.0158    0.0158    0.0158    0.0158    0.0158    0.0158    0.0158    0.0158    0.0158    0.0158    0.0158    0.0158    0.0158    0.0158    0.0158    0.0158    0.0158
Row23       0.0158    0.0158    0.0158    0.0158    0.0158    0.0158    0.0158    0.0158    0.0158    0.0158    0.0158    0.0158    0.0158    0.0158    0.0158    0.0158    0.0158    0.0158    0.0158    0.0158    0.0158    0.0158    1.0000    0.0158    0.0158    0.0158    0.0158    0.0158    0.0158    0.0158    0.0158    0.0158    0.0158    0.0158    0.0158    0.0158    0.0158    0.0158    0.0158    0.0158    0.0158    0.0158    0.0158    0.0158    0.0158    0.0158    0.0158    0.0158
Row24       0.0158    0.0158    0.0158    0.0158    0.0158    0.0158    0.0158    0.0158    0.0158    0.0158    0.0158    0.0158    0.0158    0.0158    0.0158    0.0158    0.0158    0.0158    0.0158    0.0158    0.0158    0.0158    0.0158    1.0000    0.0158    0.0158    0.0158    0.0158    0.0158    0.0158    0.0158    0.0158    0.0158    0.0158    0.0158    0.0158    0.0158    0.0158    0.0158    0.0158    0.0158    0.0158    0.0158    0.0158    0.0158    0.0158    0.0158    0.0158
Row25       0.0158    0.0158    0.0158    0.0158    0.0158    0.0158    0.0158    0.0158    0.0158    0.0158    0.0158    0.0158    0.0158    0.0158    0.0158    0.0158    0.0158    0.0158    0.0158    0.0158    0.0158    0.0158    0.0158    0.0158    1.0000    0.0158    0.0158    0.0158    0.0158    0.0158    0.0158    0.0158    0.0158    0.0158    0.0158    0.0158    0.0158    0.0158    0.0158    0.0158    0.0158    0.0158    0.0158    0.0158    0.0158    0.0158    0.0158    0.0158
Row26       0.0158    0.0158    0.0158    0.0158    0.0158    0.0158    0.0158    0.0158    0.0158    0.0158    0.0158    0.0158    0.0158    0.0158    0.0158    0.0158    0.0158    0.0158    0.0158    0.0158    0.0158    0.0158    0.0158    0.0158    0.0158    1.0000    0.0158    0.0158    0.0158    0.0158    0.0158    0.0158    0.0158    0.0158    0.0158    0.0158    0.0158    0.0158    0.0158    0.0158    0.0158    0.0158    0.0158    0.0158    0.0158    0.0158    0.0158    0.0158
Row27       0.0158    0.0158    0.0158    0.0158    0.0158    0.0158    0.0158    0.0158    0.0158    0.0158    0.0158    0.0158    0.0158    0.0158    0.0158    0.0158    0.0158    0.0158    0.0158    0.0158    0.0158    0.0158    0.0158    0.0158    0.0158    0.0158    1.0000    0.0158    0.0158    0.0158    0.0158    0.0158    0.0158    0.0158    0.0158    0.0158    0.0158    0.0158    0.0158    0.0158    0.0158    0.0158    0.0158    0.0158    0.0158    0.0158    0.0158    0.0158
Row28       0.0158    0.0158    0.0158    0.0158    0.0158    0.0158    0.0158    0.0158    0.0158    0.0158    0.0158    0.0158    0.0158    0.0158    0.0158    0.0158    0.0158    0.0158    0.0158    0.0158    0.0158    0.0158    0.0158    0.0158    0.0158    0.0158    0.0158    1.0000    0.0158    0.0158    0.0158    0.0158    0.0158    0.0158    0.0158    0.0158    0.0158    0.0158    0.0158    0.0158    0.0158    0.0158    0.0158    0.0158    0.0158    0.0158    0.0158    0.0158
Row29       0.0158    0.0158    0.0158    0.0158    0.0158    0.0158    0.0158    0.0158    0.0158    0.0158    0.0158    0.0158    0.0158    0.0158    0.0158    0.0158    0.0158    0.0158    0.0158    0.0158    0.0158    0.0158    0.0158    0.0158    0.0158    0.0158    0.0158    0.0158    1.0000    0.0158    0.0158    0.0158    0.0158    0.0158    0.0158    0.0158    0.0158    0.0158    0.0158    0.0158    0.0158    0.0158    0.0158    0.0158    0.0158    0.0158    0.0158    0.0158
Row30       0.0158    0.0158    0.0158    0.0158    0.0158    0.0158    0.0158    0.0158    0.0158    0.0158    0.0158    0.0158    0.0158    0.0158    0.0158    0.0158    0.0158    0.0158    0.0158    0.0158    0.0158    0.0158    0.0158    0.0158    0.0158    0.0158    0.0158    0.0158    0.0158    1.0000    0.0158    0.0158    0.0158    0.0158    0.0158    0.0158    0.0158    0.0158    0.0158    0.0158    0.0158    0.0158    0.0158    0.0158    0.0158    0.0158    0.0158    0.0158
Row31       0.0158    0.0158    0.0158    0.0158    0.0158    0.0158    0.0158    0.0158    0.0158    0.0158    0.0158    0.0158    0.0158    0.0158    0.0158    0.0158    0.0158    0.0158    0.0158    0.0158    0.0158    0.0158    0.0158    0.0158    0.0158    0.0158    0.0158    0.0158    0.0158    0.0158    1.0000    0.0158    0.0158    0.0158    0.0158    0.0158    0.0158    0.0158    0.0158    0.0158    0.0158    0.0158    0.0158    0.0158    0.0158    0.0158    0.0158    0.0158
Row32       0.0158    0.0158    0.0158    0.0158    0.0158    0.0158    0.0158    0.0158    0.0158    0.0158    0.0158    0.0158    0.0158    0.0158    0.0158    0.0158    0.0158    0.0158    0.0158    0.0158    0.0158    0.0158    0.0158    0.0158    0.0158    0.0158    0.0158    0.0158    0.0158    0.0158    0.0158    1.0000    0.0158    0.0158    0.0158    0.0158    0.0158    0.0158    0.0158    0.0158    0.0158    0.0158    0.0158    0.0158    0.0158    0.0158    0.0158    0.0158
Row33       0.0158    0.0158    0.0158    0.0158    0.0158    0.0158    0.0158    0.0158    0.0158    0.0158    0.0158    0.0158    0.0158    0.0158    0.0158    0.0158    0.0158    0.0158    0.0158    0.0158    0.0158    0.0158    0.0158    0.0158    0.0158    0.0158    0.0158    0.0158    0.0158    0.0158    0.0158    0.0158    1.0000    0.0158    0.0158    0.0158    0.0158    0.0158    0.0158    0.0158    0.0158    0.0158    0.0158    0.0158    0.0158    0.0158    0.0158    0.0158
Row34       0.0158    0.0158    0.0158    0.0158    0.0158    0.0158    0.0158    0.0158    0.0158    0.0158    0.0158    0.0158    0.0158    0.0158    0.0158    0.0158    0.0158    0.0158    0.0158    0.0158    0.0158    0.0158    0.0158    0.0158    0.0158    0.0158    0.0158    0.0158    0.0158    0.0158    0.0158    0.0158    0.0158    1.0000    0.0158    0.0158    0.0158    0.0158    0.0158    0.0158    0.0158    0.0158    0.0158    0.0158    0.0158    0.0158    0.0158    0.0158
Row35       0.0158    0.0158    0.0158    0.0158    0.0158    0.0158    0.0158    0.0158    0.0158    0.0158    0.0158    0.0158    0.0158    0.0158    0.0158    0.0158    0.0158    0.0158    0.0158    0.0158    0.0158    0.0158    0.0158    0.0158    0.0158    0.0158    0.0158    0.0158    0.0158    0.0158    0.0158    0.0158    0.0158    0.0158    1.0000    0.0158    0.0158    0.0158    0.0158    0.0158    0.0158    0.0158    0.0158    0.0158    0.0158    0.0158    0.0158    0.0158
Row36       0.0158    0.0158    0.0158    0.0158    0.0158    0.0158    0.0158    0.0158    0.0158    0.0158    0.0158    0.0158    0.0158    0.0158    0.0158    0.0158    0.0158    0.0158    0.0158    0.0158    0.0158    0.0158    0.0158    0.0158    0.0158    0.0158    0.0158    0.0158    0.0158    0.0158    0.0158    0.0158    0.0158    0.0158    0.0158    1.0000    0.0158    0.0158    0.0158    0.0158    0.0158    0.0158    0.0158    0.0158    0.0158    0.0158    0.0158    0.0158
Row37       0.0158    0.0158    0.0158    0.0158    0.0158    0.0158    0.0158    0.0158    0.0158    0.0158    0.0158    0.0158    0.0158    0.0158    0.0158    0.0158    0.0158    0.0158    0.0158    0.0158    0.0158    0.0158    0.0158    0.0158    0.0158    0.0158    0.0158    0.0158    0.0158    0.0158    0.0158    0.0158    0.0158    0.0158    0.0158    0.0158    1.0000    0.0158    0.0158    0.0158    0.0158    0.0158    0.0158    0.0158    0.0158    0.0158    0.0158    0.0158
Row38       0.0158    0.0158    0.0158    0.0158    0.0158    0.0158    0.0158    0.0158    0.0158    0.0158    0.0158    0.0158    0.0158    0.0158    0.0158    0.0158    0.0158    0.0158    0.0158    0.0158    0.0158    0.0158    0.0158    0.0158    0.0158    0.0158    0.0158    0.0158    0.0158    0.0158    0.0158    0.0158    0.0158    0.0158    0.0158    0.0158    0.0158    1.0000    0.0158    0.0158    0.0158    0.0158    0.0158    0.0158    0.0158    0.0158    0.0158    0.0158
Row39       0.0158    0.0158    0.0158    0.0158    0.0158    0.0158    0.0158    0.0158    0.0158    0.0158    0.0158    0.0158    0.0158    0.0158    0.0158    0.0158    0.0158    0.0158    0.0158    0.0158    0.0158    0.0158    0.0158    0.0158    0.0158    0.0158    0.0158    0.0158    0.0158    0.0158    0.0158    0.0158    0.0158    0.0158    0.0158    0.0158    0.0158    0.0158    1.0000    0.0158    0.0158    0.0158    0.0158    0.0158    0.0158    0.0158    0.0158    0.0158
Row40       0.0158    0.0158    0.0158    0.0158    0.0158    0.0158    0.0158    0.0158    0.0158    0.0158    0.0158    0.0158    0.0158    0.0158    0.0158    0.0158    0.0158    0.0158    0.0158    0.0158    0.0158    0.0158    0.0158    0.0158    0.0158    0.0158    0.0158    0.0158    0.0158    0.0158    0.0158    0.0158    0.0158    0.0158    0.0158    0.0158    0.0158    0.0158    0.0158    1.0000    0.0158    0.0158    0.0158    0.0158    0.0158    0.0158    0.0158    0.0158
Row41       0.0158    0.0158    0.0158    0.0158    0.0158    0.0158    0.0158    0.0158    0.0158    0.0158    0.0158    0.0158    0.0158    0.0158    0.0158    0.0158    0.0158    0.0158    0.0158    0.0158    0.0158    0.0158    0.0158    0.0158    0.0158    0.0158    0.0158    0.0158    0.0158    0.0158    0.0158    0.0158    0.0158    0.0158    0.0158    0.0158    0.0158    0.0158    0.0158    0.0158    1.0000    0.0158    0.0158    0.0158    0.0158    0.0158    0.0158    0.0158
Row42       0.0158    0.0158    0.0158    0.0158    0.0158    0.0158    0.0158    0.0158    0.0158    0.0158    0.0158    0.0158    0.0158    0.0158    0.0158    0.0158    0.0158    0.0158    0.0158    0.0158    0.0158    0.0158    0.0158    0.0158    0.0158    0.0158    0.0158    0.0158    0.0158    0.0158    0.0158    0.0158    0.0158    0.0158    0.0158    0.0158    0.0158    0.0158    0.0158    0.0158    0.0158    1.0000    0.0158    0.0158    0.0158    0.0158    0.0158    0.0158
Row43       0.0158    0.0158    0.0158    0.0158    0.0158    0.0158    0.0158    0.0158    0.0158    0.0158    0.0158    0.0158    0.0158    0.0158    0.0158    0.0158    0.0158    0.0158    0.0158    0.0158    0.0158    0.0158    0.0158    0.0158    0.0158    0.0158    0.0158    0.0158    0.0158    0.0158    0.0158    0.0158    0.0158    0.0158    0.0158    0.0158    0.0158    0.0158    0.0158    0.0158    0.0158    0.0158    1.0000    0.0158    0.0158    0.0158    0.0158    0.0158
Row44       0.0158    0.0158    0.0158    0.0158    0.0158    0.0158    0.0158    0.0158    0.0158    0.0158    0.0158    0.0158    0.0158    0.0158    0.0158    0.0158    0.0158    0.0158    0.0158    0.0158    0.0158    0.0158    0.0158    0.0158    0.0158    0.0158    0.0158    0.0158    0.0158    0.0158    0.0158    0.0158    0.0158    0.0158    0.0158    0.0158    0.0158    0.0158    0.0158    0.0158    0.0158    0.0158    0.0158    1.0000    0.0158    0.0158    0.0158    0.0158
Row45       0.0158    0.0158    0.0158    0.0158    0.0158    0.0158    0.0158    0.0158    0.0158    0.0158    0.0158    0.0158    0.0158    0.0158    0.0158    0.0158    0.0158    0.0158    0.0158    0.0158    0.0158    0.0158    0.0158    0.0158    0.0158    0.0158    0.0158    0.0158    0.0158    0.0158    0.0158    0.0158    0.0158    0.0158    0.0158    0.0158    0.0158    0.0158    0.0158    0.0158    0.0158    0.0158    0.0158    0.0158    1.0000    0.0158    0.0158    0.0158
Row46       0.0158    0.0158    0.0158    0.0158    0.0158    0.0158    0.0158    0.0158    0.0158    0.0158    0.0158    0.0158    0.0158    0.0158    0.0158    0.0158    0.0158    0.0158    0.0158    0.0158    0.0158    0.0158    0.0158    0.0158    0.0158    0.0158    0.0158    0.0158    0.0158    0.0158    0.0158    0.0158    0.0158    0.0158    0.0158    0.0158    0.0158    0.0158    0.0158    0.0158    0.0158    0.0158    0.0158    0.0158    0.0158    1.0000    0.0158    0.0158
Row47       0.0158    0.0158    0.0158    0.0158    0.0158    0.0158    0.0158    0.0158    0.0158    0.0158    0.0158    0.0158    0.0158    0.0158    0.0158    0.0158    0.0158    0.0158    0.0158    0.0158    0.0158    0.0158    0.0158    0.0158    0.0158    0.0158    0.0158    0.0158    0.0158    0.0158    0.0158    0.0158    0.0158    0.0158    0.0158    0.0158    0.0158    0.0158    0.0158    0.0158    0.0158    0.0158    0.0158    0.0158    0.0158    0.0158    1.0000    0.0158
Row48       0.0158    0.0158    0.0158    0.0158    0.0158    0.0158    0.0158    0.0158    0.0158    0.0158    0.0158    0.0158    0.0158    0.0158    0.0158    0.0158    0.0158    0.0158    0.0158    0.0158    0.0158    0.0158    0.0158    0.0158    0.0158    0.0158    0.0158    0.0158    0.0158    0.0158    0.0158    0.0158    0.0158    0.0158    0.0158    0.0158    0.0158    0.0158    0.0158    0.0158    0.0158    0.0158    0.0158    0.0158    0.0158    0.0158    0.0158    1.0000

                                Contrast Estimate Results                                

Label           Estimate  Std Error  Chi-Square  Pr > ChiSq  Exp(Est)     Lower     Upper
--------------  --------  ---------  ----------  ----------  --------  --------  --------
Rural vs Urban   -0.8399     0.1095     58.8704      <.0001    0.4317    0.3484    0.5351
                        MODEL 3b: GEE Logistic Regression WITH INTERACTION and State Clustering
              DV: Current Smoker | IVs: urru*year_centered, age, sex, race, education | Clustering: State


                The GENMOD Procedure                
                 Model Information                  

Item                                           Value
----------------------  ----------------------------
Response Variable       currentsmoker Current Smoker
Distribution                                binomial
Link Function                                  logit
Number of Observations                            96

       Analysis of Maximum Likelihood Parameter Estimates        

Parameter             Estimate  Std Error  Chi-Square  Pr > ChiSq
--------------------  --------  ---------  ----------  ----------
Intercept              -1.8386     0.1516    147.0065      <.0001
URRU_1                  0.5148     0.2251      5.2293      0.0222
year_centered           0.0292     0.1341      0.0474      0.8276
URRU_1*year_centered    0.2500     0.0720     12.0747      0.0005
_AGE_G_2               -0.3812     0.2663      2.0491      0.1523
_AGE_G_3               -0.3839     0.4880      0.6191      0.4314
_AGE_G_4                1.2672     0.1854     46.7222      <.0001
_AGE_G_5                0.3213     0.7897      0.1655      0.6841
_AGE_G_6                1.9390     0.1176    271.9041      <.0001
SEXVAR_2                0.3747     0.4693      0.6374      0.4247
_RACEGR3_2              1.4186     0.4247     11.1544      0.0008
_RACEGR3_3              0.5869     0.2180      7.2513      0.0071
_RACEGR3_4              1.1920     0.1706     48.8441      <.0001
_EDUCAG_2              -1.2919     0.5004      6.6644      0.0098
_EDUCAG_3              -0.9983     0.8563      1.3591      0.2437
_EDUCAG_4              -0.0099     0.5980      0.0003      0.9868

Criteria for Assessing Goodness of Fit

Criterion          Value
--------------  --------
Deviance        106.7264
Log Likelihood  -53.3632
AIC             138.7264
BIC             179.7560

         LR Statistics For Type 3 Analysis          

Source                    DF  Chi-Square  Pr > ChiSq
------------------  --------  ----------  ----------
URRU                       1      5.2293      0.0222
year_centered              1      0.0474      0.8276
URRU*year_centered         1     12.0747      0.0005
_AGE_G                     5      0.4136      0.5201
SEXVAR                     1      0.6374      0.4247
_RACEGR3                   3     13.2006      0.0014
_EDUCAG                    3      1.2628      0.2611

                                                                                             Estimated Covariance Matrix                                                                                              

Parameter             Intercept     URRU_1  YEAR_CENTERED  URRU_1*YEAR_CENTERED   _AGE_G_2   _AGE_G_3   _AGE_G_4   _AGE_G_5   _AGE_G_6   SEXVAR_2  _RACEGR3_2  _RACEGR3_3  _RACEGR3_4  _EDUCAG_2  _EDUCAG_3  _EDUCAG_4
--------------------  ---------  ---------  -------------  --------------------  ---------  ---------  ---------  ---------  ---------  ---------  ----------  ----------  ----------  ---------  ---------  ---------
Intercept              0.022996  -0.034140      -0.020339              0.010911  -0.040380   0.073994   0.028112   0.119747   0.017832  -0.071162    0.064410    0.033053    0.025864  -0.075888  -0.129851  -0.090678
URRU_1                -0.034140   0.050686       0.030196             -0.016199   0.059949  -0.109855  -0.041736  -0.177781  -0.026474   0.105650   -0.095625   -0.049072   -0.038399   0.112666   0.192781   0.134624
YEAR_CENTERED         -0.020339   0.030196       0.017989             -0.009650   0.035714  -0.065446  -0.024864  -0.105913  -0.015772   0.062941   -0.056969   -0.029234   -0.022876   0.067121   0.114849   0.080202
URRU_1*YEAR_CENTERED   0.010911  -0.016199      -0.009650              0.005177  -0.019159   0.035109   0.013339   0.056818   0.008461  -0.033765    0.030561    0.015683    0.012272  -0.036008  -0.061612  -0.043025
_AGE_G_2              -0.040380   0.059949       0.035714             -0.019159   0.070905  -0.129932  -0.049364  -0.210272  -0.031312   0.124959   -0.113102   -0.058040   -0.045417   0.133257   0.228013   0.159228
_AGE_G_3               0.073994  -0.109855      -0.065446              0.035109  -0.129932   0.238096   0.090459   0.385318   0.057379  -0.228984    0.207256    0.106357    0.083226  -0.244190  -0.417828  -0.291780
_AGE_G_4               0.028112  -0.041736      -0.024864              0.013339  -0.049364   0.090459   0.034367   0.146392   0.021800  -0.086996    0.078742    0.040408    0.031619  -0.092774  -0.158743  -0.110854
_AGE_G_5               0.119747  -0.177781      -0.105913              0.056818  -0.210272   0.385318   0.146392   0.623571   0.092858  -0.370571    0.335408    0.172121    0.134687  -0.395179  -0.676183  -0.472196
_AGE_G_6               0.017832  -0.026474      -0.015772              0.008461  -0.031312   0.057379   0.021800   0.092858   0.013828  -0.055183    0.049947    0.025631    0.020057  -0.058847  -0.100692  -0.070316
SEXVAR_2              -0.071162   0.105650       0.062941             -0.033765   0.124959  -0.228984  -0.086996  -0.370571  -0.055183   0.220219   -0.199324   -0.102286   -0.080040   0.234844   0.401836   0.280612
_RACEGR3_2             0.064410  -0.095625      -0.056969              0.030561  -0.113102   0.207256   0.078742   0.335408   0.049947  -0.199324    0.180410    0.092581    0.072446  -0.212560  -0.363707  -0.253986
_RACEGR3_3             0.033053  -0.049072      -0.029234              0.015683  -0.058040   0.106357   0.040408   0.172121   0.025631  -0.102286    0.092581    0.047509    0.037177  -0.109079  -0.186643  -0.130337
_RACEGR3_4             0.025864  -0.038399      -0.022876              0.012272  -0.045417   0.083226   0.031619   0.134687   0.020057  -0.080040    0.072446    0.037177    0.029091  -0.085356  -0.146050  -0.101991
_EDUCAG_2             -0.075888   0.112666       0.067121             -0.036008   0.133257  -0.244190  -0.092774  -0.395179  -0.058847   0.234844   -0.212560   -0.109079   -0.085356   0.250439   0.428521   0.299247
_EDUCAG_3             -0.129851   0.192781       0.114849             -0.061612   0.228013  -0.417828  -0.158743  -0.676183  -0.100692   0.401836   -0.363707   -0.186643   -0.146050   0.428521   0.733234   0.512036
_EDUCAG_4             -0.090678   0.134624       0.080202             -0.043025   0.159228  -0.291780  -0.110854  -0.472196  -0.070316   0.280612   -0.253986   -0.130337   -0.101991   0.299247   0.512036   0.357568

    GEE Model Information    

Item                    Value
-------------------  --------
Subject Effect         _STATE
Working Correlation      exch

                                                                                                                                                                                                                                       Working Correlation Matrix                                                                                                                                                                                                                                       

Row           Col1      Col2      Col3      Col4      Col5      Col6      Col7      Col8      Col9     Col10     Col11     Col12     Col13     Col14     Col15     Col16     Col17     Col18     Col19     Col20     Col21     Col22     Col23     Col24     Col25     Col26     Col27     Col28     Col29     Col30     Col31     Col32     Col33     Col34     Col35     Col36     Col37     Col38     Col39     Col40     Col41     Col42     Col43     Col44     Col45     Col46     Col47     Col48
--------  --------  --------  --------  --------  --------  --------  --------  --------  --------  --------  --------  --------  --------  --------  --------  --------  --------  --------  --------  --------  --------  --------  --------  --------  --------  --------  --------  --------  --------  --------  --------  --------  --------  --------  --------  --------  --------  --------  --------  --------  --------  --------  --------  --------  --------  --------  --------  --------
Row1        1.0000    0.0150    0.0150    0.0150    0.0150    0.0150    0.0150    0.0150    0.0150    0.0150    0.0150    0.0150    0.0150    0.0150    0.0150    0.0150    0.0150    0.0150    0.0150    0.0150    0.0150    0.0150    0.0150    0.0150    0.0150    0.0150    0.0150    0.0150    0.0150    0.0150    0.0150    0.0150    0.0150    0.0150    0.0150    0.0150    0.0150    0.0150    0.0150    0.0150    0.0150    0.0150    0.0150    0.0150    0.0150    0.0150    0.0150    0.0150
Row2        0.0150    1.0000    0.0150    0.0150    0.0150    0.0150    0.0150    0.0150    0.0150    0.0150    0.0150    0.0150    0.0150    0.0150    0.0150    0.0150    0.0150    0.0150    0.0150    0.0150    0.0150    0.0150    0.0150    0.0150    0.0150    0.0150    0.0150    0.0150    0.0150    0.0150    0.0150    0.0150    0.0150    0.0150    0.0150    0.0150    0.0150    0.0150    0.0150    0.0150    0.0150    0.0150    0.0150    0.0150    0.0150    0.0150    0.0150    0.0150
Row3        0.0150    0.0150    1.0000    0.0150    0.0150    0.0150    0.0150    0.0150    0.0150    0.0150    0.0150    0.0150    0.0150    0.0150    0.0150    0.0150    0.0150    0.0150    0.0150    0.0150    0.0150    0.0150    0.0150    0.0150    0.0150    0.0150    0.0150    0.0150    0.0150    0.0150    0.0150    0.0150    0.0150    0.0150    0.0150    0.0150    0.0150    0.0150    0.0150    0.0150    0.0150    0.0150    0.0150    0.0150    0.0150    0.0150    0.0150    0.0150
Row4        0.0150    0.0150    0.0150    1.0000    0.0150    0.0150    0.0150    0.0150    0.0150    0.0150    0.0150    0.0150    0.0150    0.0150    0.0150    0.0150    0.0150    0.0150    0.0150    0.0150    0.0150    0.0150    0.0150    0.0150    0.0150    0.0150    0.0150    0.0150    0.0150    0.0150    0.0150    0.0150    0.0150    0.0150    0.0150    0.0150    0.0150    0.0150    0.0150    0.0150    0.0150    0.0150    0.0150    0.0150    0.0150    0.0150    0.0150    0.0150
Row5        0.0150    0.0150    0.0150    0.0150    1.0000    0.0150    0.0150    0.0150    0.0150    0.0150    0.0150    0.0150    0.0150    0.0150    0.0150    0.0150    0.0150    0.0150    0.0150    0.0150    0.0150    0.0150    0.0150    0.0150    0.0150    0.0150    0.0150    0.0150    0.0150    0.0150    0.0150    0.0150    0.0150    0.0150    0.0150    0.0150    0.0150    0.0150    0.0150    0.0150    0.0150    0.0150    0.0150    0.0150    0.0150    0.0150    0.0150    0.0150
Row6        0.0150    0.0150    0.0150    0.0150    0.0150    1.0000    0.0150    0.0150    0.0150    0.0150    0.0150    0.0150    0.0150    0.0150    0.0150    0.0150    0.0150    0.0150    0.0150    0.0150    0.0150    0.0150    0.0150    0.0150    0.0150    0.0150    0.0150    0.0150    0.0150    0.0150    0.0150    0.0150    0.0150    0.0150    0.0150    0.0150    0.0150    0.0150    0.0150    0.0150    0.0150    0.0150    0.0150    0.0150    0.0150    0.0150    0.0150    0.0150
Row7        0.0150    0.0150    0.0150    0.0150    0.0150    0.0150    1.0000    0.0150    0.0150    0.0150    0.0150    0.0150    0.0150    0.0150    0.0150    0.0150    0.0150    0.0150    0.0150    0.0150    0.0150    0.0150    0.0150    0.0150    0.0150    0.0150    0.0150    0.0150    0.0150    0.0150    0.0150    0.0150    0.0150    0.0150    0.0150    0.0150    0.0150    0.0150    0.0150    0.0150    0.0150    0.0150    0.0150    0.0150    0.0150    0.0150    0.0150    0.0150
Row8        0.0150    0.0150    0.0150    0.0150    0.0150    0.0150    0.0150    1.0000    0.0150    0.0150    0.0150    0.0150    0.0150    0.0150    0.0150    0.0150    0.0150    0.0150    0.0150    0.0150    0.0150    0.0150    0.0150    0.0150    0.0150    0.0150    0.0150    0.0150    0.0150    0.0150    0.0150    0.0150    0.0150    0.0150    0.0150    0.0150    0.0150    0.0150    0.0150    0.0150    0.0150    0.0150    0.0150    0.0150    0.0150    0.0150    0.0150    0.0150
Row9        0.0150    0.0150    0.0150    0.0150    0.0150    0.0150    0.0150    0.0150    1.0000    0.0150    0.0150    0.0150    0.0150    0.0150    0.0150    0.0150    0.0150    0.0150    0.0150    0.0150    0.0150    0.0150    0.0150    0.0150    0.0150    0.0150    0.0150    0.0150    0.0150    0.0150    0.0150    0.0150    0.0150    0.0150    0.0150    0.0150    0.0150    0.0150    0.0150    0.0150    0.0150    0.0150    0.0150    0.0150    0.0150    0.0150    0.0150    0.0150
Row10       0.0150    0.0150    0.0150    0.0150    0.0150    0.0150    0.0150    0.0150    0.0150    1.0000    0.0150    0.0150    0.0150    0.0150    0.0150    0.0150    0.0150    0.0150    0.0150    0.0150    0.0150    0.0150    0.0150    0.0150    0.0150    0.0150    0.0150    0.0150    0.0150    0.0150    0.0150    0.0150    0.0150    0.0150    0.0150    0.0150    0.0150    0.0150    0.0150    0.0150    0.0150    0.0150    0.0150    0.0150    0.0150    0.0150    0.0150    0.0150
Row11       0.0150    0.0150    0.0150    0.0150    0.0150    0.0150    0.0150    0.0150    0.0150    0.0150    1.0000    0.0150    0.0150    0.0150    0.0150    0.0150    0.0150    0.0150    0.0150    0.0150    0.0150    0.0150    0.0150    0.0150    0.0150    0.0150    0.0150    0.0150    0.0150    0.0150    0.0150    0.0150    0.0150    0.0150    0.0150    0.0150    0.0150    0.0150    0.0150    0.0150    0.0150    0.0150    0.0150    0.0150    0.0150    0.0150    0.0150    0.0150
Row12       0.0150    0.0150    0.0150    0.0150    0.0150    0.0150    0.0150    0.0150    0.0150    0.0150    0.0150    1.0000    0.0150    0.0150    0.0150    0.0150    0.0150    0.0150    0.0150    0.0150    0.0150    0.0150    0.0150    0.0150    0.0150    0.0150    0.0150    0.0150    0.0150    0.0150    0.0150    0.0150    0.0150    0.0150    0.0150    0.0150    0.0150    0.0150    0.0150    0.0150    0.0150    0.0150    0.0150    0.0150    0.0150    0.0150    0.0150    0.0150
Row13       0.0150    0.0150    0.0150    0.0150    0.0150    0.0150    0.0150    0.0150    0.0150    0.0150    0.0150    0.0150    1.0000    0.0150    0.0150    0.0150    0.0150    0.0150    0.0150    0.0150    0.0150    0.0150    0.0150    0.0150    0.0150    0.0150    0.0150    0.0150    0.0150    0.0150    0.0150    0.0150    0.0150    0.0150    0.0150    0.0150    0.0150    0.0150    0.0150    0.0150    0.0150    0.0150    0.0150    0.0150    0.0150    0.0150    0.0150    0.0150
Row14       0.0150    0.0150    0.0150    0.0150    0.0150    0.0150    0.0150    0.0150    0.0150    0.0150    0.0150    0.0150    0.0150    1.0000    0.0150    0.0150    0.0150    0.0150    0.0150    0.0150    0.0150    0.0150    0.0150    0.0150    0.0150    0.0150    0.0150    0.0150    0.0150    0.0150    0.0150    0.0150    0.0150    0.0150    0.0150    0.0150    0.0150    0.0150    0.0150    0.0150    0.0150    0.0150    0.0150    0.0150    0.0150    0.0150    0.0150    0.0150
Row15       0.0150    0.0150    0.0150    0.0150    0.0150    0.0150    0.0150    0.0150    0.0150    0.0150    0.0150    0.0150    0.0150    0.0150    1.0000    0.0150    0.0150    0.0150    0.0150    0.0150    0.0150    0.0150    0.0150    0.0150    0.0150    0.0150    0.0150    0.0150    0.0150    0.0150    0.0150    0.0150    0.0150    0.0150    0.0150    0.0150    0.0150    0.0150    0.0150    0.0150    0.0150    0.0150    0.0150    0.0150    0.0150    0.0150    0.0150    0.0150
Row16       0.0150    0.0150    0.0150    0.0150    0.0150    0.0150    0.0150    0.0150    0.0150    0.0150    0.0150    0.0150    0.0150    0.0150    0.0150    1.0000    0.0150    0.0150    0.0150    0.0150    0.0150    0.0150    0.0150    0.0150    0.0150    0.0150    0.0150    0.0150    0.0150    0.0150    0.0150    0.0150    0.0150    0.0150    0.0150    0.0150    0.0150    0.0150    0.0150    0.0150    0.0150    0.0150    0.0150    0.0150    0.0150    0.0150    0.0150    0.0150
Row17       0.0150    0.0150    0.0150    0.0150    0.0150    0.0150    0.0150    0.0150    0.0150    0.0150    0.0150    0.0150    0.0150    0.0150    0.0150    0.0150    1.0000    0.0150    0.0150    0.0150    0.0150    0.0150    0.0150    0.0150    0.0150    0.0150    0.0150    0.0150    0.0150    0.0150    0.0150    0.0150    0.0150    0.0150    0.0150    0.0150    0.0150    0.0150    0.0150    0.0150    0.0150    0.0150    0.0150    0.0150    0.0150    0.0150    0.0150    0.0150
Row18       0.0150    0.0150    0.0150    0.0150    0.0150    0.0150    0.0150    0.0150    0.0150    0.0150    0.0150    0.0150    0.0150    0.0150    0.0150    0.0150    0.0150    1.0000    0.0150    0.0150    0.0150    0.0150    0.0150    0.0150    0.0150    0.0150    0.0150    0.0150    0.0150    0.0150    0.0150    0.0150    0.0150    0.0150    0.0150    0.0150    0.0150    0.0150    0.0150    0.0150    0.0150    0.0150    0.0150    0.0150    0.0150    0.0150    0.0150    0.0150
Row19       0.0150    0.0150    0.0150    0.0150    0.0150    0.0150    0.0150    0.0150    0.0150    0.0150    0.0150    0.0150    0.0150    0.0150    0.0150    0.0150    0.0150    0.0150    1.0000    0.0150    0.0150    0.0150    0.0150    0.0150    0.0150    0.0150    0.0150    0.0150    0.0150    0.0150    0.0150    0.0150    0.0150    0.0150    0.0150    0.0150    0.0150    0.0150    0.0150    0.0150    0.0150    0.0150    0.0150    0.0150    0.0150    0.0150    0.0150    0.0150
Row20       0.0150    0.0150    0.0150    0.0150    0.0150    0.0150    0.0150    0.0150    0.0150    0.0150    0.0150    0.0150    0.0150    0.0150    0.0150    0.0150    0.0150    0.0150    0.0150    1.0000    0.0150    0.0150    0.0150    0.0150    0.0150    0.0150    0.0150    0.0150    0.0150    0.0150    0.0150    0.0150    0.0150    0.0150    0.0150    0.0150    0.0150    0.0150    0.0150    0.0150    0.0150    0.0150    0.0150    0.0150    0.0150    0.0150    0.0150    0.0150
Row21       0.0150    0.0150    0.0150    0.0150    0.0150    0.0150    0.0150    0.0150    0.0150    0.0150    0.0150    0.0150    0.0150    0.0150    0.0150    0.0150    0.0150    0.0150    0.0150    0.0150    1.0000    0.0150    0.0150    0.0150    0.0150    0.0150    0.0150    0.0150    0.0150    0.0150    0.0150    0.0150    0.0150    0.0150    0.0150    0.0150    0.0150    0.0150    0.0150    0.0150    0.0150    0.0150    0.0150    0.0150    0.0150    0.0150    0.0150    0.0150
Row22       0.0150    0.0150    0.0150    0.0150    0.0150    0.0150    0.0150    0.0150    0.0150    0.0150    0.0150    0.0150    0.0150    0.0150    0.0150    0.0150    0.0150    0.0150    0.0150    0.0150    0.0150    1.0000    0.0150    0.0150    0.0150    0.0150    0.0150    0.0150    0.0150    0.0150    0.0150    0.0150    0.0150    0.0150    0.0150    0.0150    0.0150    0.0150    0.0150    0.0150    0.0150    0.0150    0.0150    0.0150    0.0150    0.0150    0.0150    0.0150
Row23       0.0150    0.0150    0.0150    0.0150    0.0150    0.0150    0.0150    0.0150    0.0150    0.0150    0.0150    0.0150    0.0150    0.0150    0.0150    0.0150    0.0150    0.0150    0.0150    0.0150    0.0150    0.0150    1.0000    0.0150    0.0150    0.0150    0.0150    0.0150    0.0150    0.0150    0.0150    0.0150    0.0150    0.0150    0.0150    0.0150    0.0150    0.0150    0.0150    0.0150    0.0150    0.0150    0.0150    0.0150    0.0150    0.0150    0.0150    0.0150
Row24       0.0150    0.0150    0.0150    0.0150    0.0150    0.0150    0.0150    0.0150    0.0150    0.0150    0.0150    0.0150    0.0150    0.0150    0.0150    0.0150    0.0150    0.0150    0.0150    0.0150    0.0150    0.0150    0.0150    1.0000    0.0150    0.0150    0.0150    0.0150    0.0150    0.0150    0.0150    0.0150    0.0150    0.0150    0.0150    0.0150    0.0150    0.0150    0.0150    0.0150    0.0150    0.0150    0.0150    0.0150    0.0150    0.0150    0.0150    0.0150
Row25       0.0150    0.0150    0.0150    0.0150    0.0150    0.0150    0.0150    0.0150    0.0150    0.0150    0.0150    0.0150    0.0150    0.0150    0.0150    0.0150    0.0150    0.0150    0.0150    0.0150    0.0150    0.0150    0.0150    0.0150    1.0000    0.0150    0.0150    0.0150    0.0150    0.0150    0.0150    0.0150    0.0150    0.0150    0.0150    0.0150    0.0150    0.0150    0.0150    0.0150    0.0150    0.0150    0.0150    0.0150    0.0150    0.0150    0.0150    0.0150
Row26       0.0150    0.0150    0.0150    0.0150    0.0150    0.0150    0.0150    0.0150    0.0150    0.0150    0.0150    0.0150    0.0150    0.0150    0.0150    0.0150    0.0150    0.0150    0.0150    0.0150    0.0150    0.0150    0.0150    0.0150    0.0150    1.0000    0.0150    0.0150    0.0150    0.0150    0.0150    0.0150    0.0150    0.0150    0.0150    0.0150    0.0150    0.0150    0.0150    0.0150    0.0150    0.0150    0.0150    0.0150    0.0150    0.0150    0.0150    0.0150
Row27       0.0150    0.0150    0.0150    0.0150    0.0150    0.0150    0.0150    0.0150    0.0150    0.0150    0.0150    0.0150    0.0150    0.0150    0.0150    0.0150    0.0150    0.0150    0.0150    0.0150    0.0150    0.0150    0.0150    0.0150    0.0150    0.0150    1.0000    0.0150    0.0150    0.0150    0.0150    0.0150    0.0150    0.0150    0.0150    0.0150    0.0150    0.0150    0.0150    0.0150    0.0150    0.0150    0.0150    0.0150    0.0150    0.0150    0.0150    0.0150
Row28       0.0150    0.0150    0.0150    0.0150    0.0150    0.0150    0.0150    0.0150    0.0150    0.0150    0.0150    0.0150    0.0150    0.0150    0.0150    0.0150    0.0150    0.0150    0.0150    0.0150    0.0150    0.0150    0.0150    0.0150    0.0150    0.0150    0.0150    1.0000    0.0150    0.0150    0.0150    0.0150    0.0150    0.0150    0.0150    0.0150    0.0150    0.0150    0.0150    0.0150    0.0150    0.0150    0.0150    0.0150    0.0150    0.0150    0.0150    0.0150
Row29       0.0150    0.0150    0.0150    0.0150    0.0150    0.0150    0.0150    0.0150    0.0150    0.0150    0.0150    0.0150    0.0150    0.0150    0.0150    0.0150    0.0150    0.0150    0.0150    0.0150    0.0150    0.0150    0.0150    0.0150    0.0150    0.0150    0.0150    0.0150    1.0000    0.0150    0.0150    0.0150    0.0150    0.0150    0.0150    0.0150    0.0150    0.0150    0.0150    0.0150    0.0150    0.0150    0.0150    0.0150    0.0150    0.0150    0.0150    0.0150
Row30       0.0150    0.0150    0.0150    0.0150    0.0150    0.0150    0.0150    0.0150    0.0150    0.0150    0.0150    0.0150    0.0150    0.0150    0.0150    0.0150    0.0150    0.0150    0.0150    0.0150    0.0150    0.0150    0.0150    0.0150    0.0150    0.0150    0.0150    0.0150    0.0150    1.0000    0.0150    0.0150    0.0150    0.0150    0.0150    0.0150    0.0150    0.0150    0.0150    0.0150    0.0150    0.0150    0.0150    0.0150    0.0150    0.0150    0.0150    0.0150
Row31       0.0150    0.0150    0.0150    0.0150    0.0150    0.0150    0.0150    0.0150    0.0150    0.0150    0.0150    0.0150    0.0150    0.0150    0.0150    0.0150    0.0150    0.0150    0.0150    0.0150    0.0150    0.0150    0.0150    0.0150    0.0150    0.0150    0.0150    0.0150    0.0150    0.0150    1.0000    0.0150    0.0150    0.0150    0.0150    0.0150    0.0150    0.0150    0.0150    0.0150    0.0150    0.0150    0.0150    0.0150    0.0150    0.0150    0.0150    0.0150
Row32       0.0150    0.0150    0.0150    0.0150    0.0150    0.0150    0.0150    0.0150    0.0150    0.0150    0.0150    0.0150    0.0150    0.0150    0.0150    0.0150    0.0150    0.0150    0.0150    0.0150    0.0150    0.0150    0.0150    0.0150    0.0150    0.0150    0.0150    0.0150    0.0150    0.0150    0.0150    1.0000    0.0150    0.0150    0.0150    0.0150    0.0150    0.0150    0.0150    0.0150    0.0150    0.0150    0.0150    0.0150    0.0150    0.0150    0.0150    0.0150
Row33       0.0150    0.0150    0.0150    0.0150    0.0150    0.0150    0.0150    0.0150    0.0150    0.0150    0.0150    0.0150    0.0150    0.0150    0.0150    0.0150    0.0150    0.0150    0.0150    0.0150    0.0150    0.0150    0.0150    0.0150    0.0150    0.0150    0.0150    0.0150    0.0150    0.0150    0.0150    0.0150    1.0000    0.0150    0.0150    0.0150    0.0150    0.0150    0.0150    0.0150    0.0150    0.0150    0.0150    0.0150    0.0150    0.0150    0.0150    0.0150
Row34       0.0150    0.0150    0.0150    0.0150    0.0150    0.0150    0.0150    0.0150    0.0150    0.0150    0.0150    0.0150    0.0150    0.0150    0.0150    0.0150    0.0150    0.0150    0.0150    0.0150    0.0150    0.0150    0.0150    0.0150    0.0150    0.0150    0.0150    0.0150    0.0150    0.0150    0.0150    0.0150    0.0150    1.0000    0.0150    0.0150    0.0150    0.0150    0.0150    0.0150    0.0150    0.0150    0.0150    0.0150    0.0150    0.0150    0.0150    0.0150
Row35       0.0150    0.0150    0.0150    0.0150    0.0150    0.0150    0.0150    0.0150    0.0150    0.0150    0.0150    0.0150    0.0150    0.0150    0.0150    0.0150    0.0150    0.0150    0.0150    0.0150    0.0150    0.0150    0.0150    0.0150    0.0150    0.0150    0.0150    0.0150    0.0150    0.0150    0.0150    0.0150    0.0150    0.0150    1.0000    0.0150    0.0150    0.0150    0.0150    0.0150    0.0150    0.0150    0.0150    0.0150    0.0150    0.0150    0.0150    0.0150
Row36       0.0150    0.0150    0.0150    0.0150    0.0150    0.0150    0.0150    0.0150    0.0150    0.0150    0.0150    0.0150    0.0150    0.0150    0.0150    0.0150    0.0150    0.0150    0.0150    0.0150    0.0150    0.0150    0.0150    0.0150    0.0150    0.0150    0.0150    0.0150    0.0150    0.0150    0.0150    0.0150    0.0150    0.0150    0.0150    1.0000    0.0150    0.0150    0.0150    0.0150    0.0150    0.0150    0.0150    0.0150    0.0150    0.0150    0.0150    0.0150
Row37       0.0150    0.0150    0.0150    0.0150    0.0150    0.0150    0.0150    0.0150    0.0150    0.0150    0.0150    0.0150    0.0150    0.0150    0.0150    0.0150    0.0150    0.0150    0.0150    0.0150    0.0150    0.0150    0.0150    0.0150    0.0150    0.0150    0.0150    0.0150    0.0150    0.0150    0.0150    0.0150    0.0150    0.0150    0.0150    0.0150    1.0000    0.0150    0.0150    0.0150    0.0150    0.0150    0.0150    0.0150    0.0150    0.0150    0.0150    0.0150
Row38       0.0150    0.0150    0.0150    0.0150    0.0150    0.0150    0.0150    0.0150    0.0150    0.0150    0.0150    0.0150    0.0150    0.0150    0.0150    0.0150    0.0150    0.0150    0.0150    0.0150    0.0150    0.0150    0.0150    0.0150    0.0150    0.0150    0.0150    0.0150    0.0150    0.0150    0.0150    0.0150    0.0150    0.0150    0.0150    0.0150    0.0150    1.0000    0.0150    0.0150    0.0150    0.0150    0.0150    0.0150    0.0150    0.0150    0.0150    0.0150
Row39       0.0150    0.0150    0.0150    0.0150    0.0150    0.0150    0.0150    0.0150    0.0150    0.0150    0.0150    0.0150    0.0150    0.0150    0.0150    0.0150    0.0150    0.0150    0.0150    0.0150    0.0150    0.0150    0.0150    0.0150    0.0150    0.0150    0.0150    0.0150    0.0150    0.0150    0.0150    0.0150    0.0150    0.0150    0.0150    0.0150    0.0150    0.0150    1.0000    0.0150    0.0150    0.0150    0.0150    0.0150    0.0150    0.0150    0.0150    0.0150
Row40       0.0150    0.0150    0.0150    0.0150    0.0150    0.0150    0.0150    0.0150    0.0150    0.0150    0.0150    0.0150    0.0150    0.0150    0.0150    0.0150    0.0150    0.0150    0.0150    0.0150    0.0150    0.0150    0.0150    0.0150    0.0150    0.0150    0.0150    0.0150    0.0150    0.0150    0.0150    0.0150    0.0150    0.0150    0.0150    0.0150    0.0150    0.0150    0.0150    1.0000    0.0150    0.0150    0.0150    0.0150    0.0150    0.0150    0.0150    0.0150
Row41       0.0150    0.0150    0.0150    0.0150    0.0150    0.0150    0.0150    0.0150    0.0150    0.0150    0.0150    0.0150    0.0150    0.0150    0.0150    0.0150    0.0150    0.0150    0.0150    0.0150    0.0150    0.0150    0.0150    0.0150    0.0150    0.0150    0.0150    0.0150    0.0150    0.0150    0.0150    0.0150    0.0150    0.0150    0.0150    0.0150    0.0150    0.0150    0.0150    0.0150    1.0000    0.0150    0.0150    0.0150    0.0150    0.0150    0.0150    0.0150
Row42       0.0150    0.0150    0.0150    0.0150    0.0150    0.0150    0.0150    0.0150    0.0150    0.0150    0.0150    0.0150    0.0150    0.0150    0.0150    0.0150    0.0150    0.0150    0.0150    0.0150    0.0150    0.0150    0.0150    0.0150    0.0150    0.0150    0.0150    0.0150    0.0150    0.0150    0.0150    0.0150    0.0150    0.0150    0.0150    0.0150    0.0150    0.0150    0.0150    0.0150    0.0150    1.0000    0.0150    0.0150    0.0150    0.0150    0.0150    0.0150
Row43       0.0150    0.0150    0.0150    0.0150    0.0150    0.0150    0.0150    0.0150    0.0150    0.0150    0.0150    0.0150    0.0150    0.0150    0.0150    0.0150    0.0150    0.0150    0.0150    0.0150    0.0150    0.0150    0.0150    0.0150    0.0150    0.0150    0.0150    0.0150    0.0150    0.0150    0.0150    0.0150    0.0150    0.0150    0.0150    0.0150    0.0150    0.0150    0.0150    0.0150    0.0150    0.0150    1.0000    0.0150    0.0150    0.0150    0.0150    0.0150
Row44       0.0150    0.0150    0.0150    0.0150    0.0150    0.0150    0.0150    0.0150    0.0150    0.0150    0.0150    0.0150    0.0150    0.0150    0.0150    0.0150    0.0150    0.0150    0.0150    0.0150    0.0150    0.0150    0.0150    0.0150    0.0150    0.0150    0.0150    0.0150    0.0150    0.0150    0.0150    0.0150    0.0150    0.0150    0.0150    0.0150    0.0150    0.0150    0.0150    0.0150    0.0150    0.0150    0.0150    1.0000    0.0150    0.0150    0.0150    0.0150
Row45       0.0150    0.0150    0.0150    0.0150    0.0150    0.0150    0.0150    0.0150    0.0150    0.0150    0.0150    0.0150    0.0150    0.0150    0.0150    0.0150    0.0150    0.0150    0.0150    0.0150    0.0150    0.0150    0.0150    0.0150    0.0150    0.0150    0.0150    0.0150    0.0150    0.0150    0.0150    0.0150    0.0150    0.0150    0.0150    0.0150    0.0150    0.0150    0.0150    0.0150    0.0150    0.0150    0.0150    0.0150    1.0000    0.0150    0.0150    0.0150
Row46       0.0150    0.0150    0.0150    0.0150    0.0150    0.0150    0.0150    0.0150    0.0150    0.0150    0.0150    0.0150    0.0150    0.0150    0.0150    0.0150    0.0150    0.0150    0.0150    0.0150    0.0150    0.0150    0.0150    0.0150    0.0150    0.0150    0.0150    0.0150    0.0150    0.0150    0.0150    0.0150    0.0150    0.0150    0.0150    0.0150    0.0150    0.0150    0.0150    0.0150    0.0150    0.0150    0.0150    0.0150    0.0150    1.0000    0.0150    0.0150
Row47       0.0150    0.0150    0.0150    0.0150    0.0150    0.0150    0.0150    0.0150    0.0150    0.0150    0.0150    0.0150    0.0150    0.0150    0.0150    0.0150    0.0150    0.0150    0.0150    0.0150    0.0150    0.0150    0.0150    0.0150    0.0150    0.0150    0.0150    0.0150    0.0150    0.0150    0.0150    0.0150    0.0150    0.0150    0.0150    0.0150    0.0150    0.0150    0.0150    0.0150    0.0150    0.0150    0.0150    0.0150    0.0150    0.0150    1.0000    0.0150
Row48       0.0150    0.0150    0.0150    0.0150    0.0150    0.0150    0.0150    0.0150    0.0150    0.0150    0.0150    0.0150    0.0150    0.0150    0.0150    0.0150    0.0150    0.0150    0.0150    0.0150    0.0150    0.0150    0.0150    0.0150    0.0150    0.0150    0.0150    0.0150    0.0150    0.0150    0.0150    0.0150    0.0150    0.0150    0.0150    0.0150    0.0150    0.0150    0.0150    0.0150    0.0150    0.0150    0.0150    0.0150    0.0150    0.0150    0.0150    1.0000

                                     Contrast Estimate Results                                     

Label                     Estimate  Std Error  Chi-Square  Pr > ChiSq  Exp(Est)     Lower     Upper
------------------------  --------  ---------  ----------  ----------  --------  --------  --------
Rural vs Urban at Year=0   -0.5148     0.2251      5.2293      0.0222    0.5976    0.3844    0.9291
Interaction Effect          0.2500     0.0720     12.0747      0.0005    1.2841    1.1152    1.4785
